distance_sensors, DistanceSensor, 4065, 1664.000000, 1686.000000, 291.000000, 863.000000
distance_sensors, DistanceSensor, 4075, 1664.000000, 1686.000000, 291.000000, 863.000000
distance_sensors, DistanceSensor, 4085, 1664.000000, 1680.000000, 290.000000, 862.000000
distance_sensors, DistanceSensor, 4095, 1660.000000, 1680.000000, 290.000000, 862.000000
distance_sensors, DistanceSensor, 4105, 1660.000000, 1680.000000, 290.000000, 862.000000
distance_sensors, DistanceSensor, 4115, 1660.000000, 1686.000000, 290.000000, 862.000000
distance_sensors, DistanceSensor, 4125, 1660.000000, 1686.000000, 293.000000, 861.000000
distance_sensors, DistanceSensor, 4135, 1662.000000, 1686.000000, 293.000000, 861.000000
distance_sensors, DistanceSensor, 4145, 1662.000000, 1686.000000, 293.000000, 861.000000
distance_sensors, DistanceSensor, 4155, 1662.000000, 1683.000000, 290.000000, 866.000000
distance_sensors, DistanceSensor, 4165, 1663.000000, 1683.000000, 290.000000, 866.000000
distance_sensors, DistanceSensor, 4175, 1663.000000, 1683.000000, 290.000000, 866.000000
distance_sensors, DistanceSensor, 4185, 1663.000000, 1679.000000, 290.000000, 866.000000
distance_sensors, DistanceSensor, 4195, 1663.000000, 1679.000000, 293.000000, 865.000000
distance_sensors, DistanceSensor, 4205, 1664.000000, 1679.000000, 293.000000, 865.000000
distance_sensors, DistanceSensor, 4215, 1664.000000, 1679.000000, 293.000000, 865.000000
distance_sensors, DistanceSensor, 4225, 1664.000000, 1683.000000, 291.000000, 865.000000
distance_sensors, DistanceSensor, 4235, 1664.000000, 1683.000000, 291.000000, 858.000000
distance_sensors, DistanceSensor, 4245, 1664.000000, 1683.000000, 291.000000, 858.000000
distance_sensors, DistanceSensor, 4255, 1664.000000, 1683.000000, 291.000000, 858.000000
distance_sensors, DistanceSensor, 4265, 1664.000000, 1680.000000, 292.000000, 860.000000
distance_sensors, DistanceSensor, 4275, 1662.000000, 1680.000000, 292.000000, 860.000000
distance_sensors, DistanceSensor, 4285, 1662.000000, 1680.000000, 292.000000, 860.000000
distance_sensors, DistanceSensor, 4295, 1662.000000, 1680.000000, 290.000000, 860.000000
distance_sensors, DistanceSensor, 4305, 1665.000000, 1680.000000, 290.000000, 859.000000
distance_sensors, DistanceSensor, 4315, 1665.000000, 1680.000000, 290.000000, 859.000000
distance_sensors, DistanceSensor, 4325, 1665.000000, 1680.000000, 290.000000, 859.000000
distance_sensors, DistanceSensor, 4335, 1665.000000, 1686.000000, 292.000000, 862.000000
distance_sensors, DistanceSensor, 4345, 1662.000000, 1686.000000, 292.000000, 862.000000
distance_sensors, DistanceSensor, 4355, 1662.000000, 1686.000000, 292.000000, 862.000000
distance_sensors, DistanceSensor, 4365, 1662.000000, 1685.000000, 292.000000, 862.000000
distance_sensors, DistanceSensor, 4375, 1663.000000, 1685.000000, 292.000000, 860.000000
distance_sensors, DistanceSensor, 4385, 1663.000000, 1685.000000, 292.000000, 860.000000
distance_sensors, DistanceSensor, 4395, 1663.000000, 1685.000000, 292.000000, 860.000000
distance_sensors, DistanceSensor, 4405, 1663.000000, 1684.000000, 295.000000, 9999.000000
distance_sensors, DistanceSensor, 4415, 1666.000000, 1684.000000, 295.000000, 9999.000000
distance_sensors, DistanceSensor, 4425, 1666.000000, 1684.000000, 295.000000, 9999.000000
distance_sensors, DistanceSensor, 4435, 1666.000000, 1683.000000, 311.000000, 9999.000000
distance_sensors, DistanceSensor, 4445, 1666.000000, 1683.000000, 311.000000, 9999.000000
distance_sensors, DistanceSensor, 4455, 1661.000000, 1683.000000, 311.000000, 9999.000000
distance_sensors, DistanceSensor, 4465, 1661.000000, 1683.000000, 311.000000, 9999.000000
distance_sensors, DistanceSensor, 4475, 1661.000000, 1684.000000, 328.000000, 821.000000
distance_sensors, DistanceSensor, 4485, 1662.000000, 1684.000000, 328.000000, 821.000000
distance_sensors, DistanceSensor, 4495, 1662.000000, 1684.000000, 328.000000, 821.000000
distance_sensors, DistanceSensor, 4505, 1662.000000, 1679.000000, 328.000000, 821.000000
distance_sensors, DistanceSensor, 4515, 1662.000000, 1679.000000, 354.000000, 803.000000
distance_sensors, DistanceSensor, 4525, 1664.000000, 1679.000000, 354.000000, 803.000000
distance_sensors, DistanceSensor, 4535, 1664.000000, 1679.000000, 354.000000, 803.000000
distance_sensors, DistanceSensor, 4545, 1664.000000, 1683.000000, 382.000000, 769.000000
distance_sensors, DistanceSensor, 4555, 1665.000000, 1683.000000, 382.000000, 769.000000
distance_sensors, DistanceSensor, 4565, 1665.000000, 1683.000000, 382.000000, 769.000000
distance_sensors, DistanceSensor, 4575, 1665.000000, 1684.000000, 382.000000, 769.000000
distance_sensors, DistanceSensor, 4585, 1665.000000, 1684.000000, 411.000000, 734.000000
distance_sensors, DistanceSensor, 4595, 1665.000000, 1684.000000, 411.000000, 734.000000
distance_sensors, DistanceSensor, 4605, 1665.000000, 1684.000000, 411.000000, 734.000000
distance_sensors, DistanceSensor, 4615, 1665.000000, 531.000000, 443.000000, 9999.000000
distance_sensors, DistanceSensor, 4625, 1664.000000, 531.000000, 443.000000, 9999.000000
distance_sensors, DistanceSensor, 4635, 1664.000000, 531.000000, 443.000000, 9999.000000
distance_sensors, DistanceSensor, 4645, 1664.000000, 520.000000, 443.000000, 9999.000000
distance_sensors, DistanceSensor, 4655, 1664.000000, 520.000000, 468.000000, 9999.000000
distance_sensors, DistanceSensor, 4665, 468.000000, 520.000000, 468.000000, 9999.000000
distance_sensors, DistanceSensor, 4675, 468.000000, 520.000000, 468.000000, 9999.000000
distance_sensors, DistanceSensor, 4685, 468.000000, 517.000000, 502.000000, 9999.000000
distance_sensors, DistanceSensor, 4695, 460.000000, 517.000000, 502.000000, 9999.000000
distance_sensors, DistanceSensor, 4705, 460.000000, 517.000000, 502.000000, 9999.000000
distance_sensors, DistanceSensor, 4715, 460.000000, 511.000000, 502.000000, 9999.000000
distance_sensors, DistanceSensor, 4725, 460.000000, 511.000000, 526.000000, 9999.000000
distance_sensors, DistanceSensor, 4735, 461.000000, 511.000000, 526.000000, 9999.000000
distance_sensors, DistanceSensor, 4745, 461.000000, 511.000000, 526.000000, 9999.000000
distance_sensors, DistanceSensor, 4755, 461.000000, 509.000000, 545.000000, 9999.000000
distance_sensors, DistanceSensor, 4765, 468.000000, 509.000000, 545.000000, 9999.000000
distance_sensors, DistanceSensor, 4775, 468.000000, 509.000000, 545.000000, 9999.000000
distance_sensors, DistanceSensor, 4785, 468.000000, 509.000000, 545.000000, 9999.000000
distance_sensors, DistanceSensor, 4795, 468.000000, 510.000000, 568.000000, 9999.000000
distance_sensors, DistanceSensor, 4805, 1674.000000, 510.000000, 568.000000, 9999.000000
distance_sensors, DistanceSensor, 4815, 1674.000000, 510.000000, 568.000000, 9999.000000
distance_sensors, DistanceSensor, 4825, 1674.000000, 509.000000, 585.000000, 9999.000000
distance_sensors, DistanceSensor, 4835, 1672.000000, 509.000000, 585.000000, 9999.000000
distance_sensors, DistanceSensor, 4845, 1672.000000, 509.000000, 585.000000, 9999.000000
distance_sensors, DistanceSensor, 4855, 1672.000000, 509.000000, 585.000000, 9999.000000
distance_sensors, DistanceSensor, 4865, 1672.000000, 511.000000, 592.000000, 9999.000000
distance_sensors, DistanceSensor, 4875, 1673.000000, 511.000000, 592.000000, 9999.000000
distance_sensors, DistanceSensor, 4885, 1673.000000, 511.000000, 592.000000, 9999.000000
distance_sensors, DistanceSensor, 4895, 1673.000000, 511.000000, 602.000000, 9999.000000
distance_sensors, DistanceSensor, 4905, 1674.000000, 511.000000, 602.000000, 9999.000000
distance_sensors, DistanceSensor, 4915, 1674.000000, 511.000000, 602.000000, 9999.000000
distance_sensors, DistanceSensor, 4925, 1674.000000, 511.000000, 602.000000, 9999.000000
distance_sensors, DistanceSensor, 4935, 1674.000000, 520.000000, 606.000000, 9999.000000
distance_sensors, DistanceSensor, 4945, 1672.000000, 520.000000, 606.000000, 9999.000000
distance_sensors, DistanceSensor, 4955, 1672.000000, 520.000000, 606.000000, 9999.000000
distance_sensors, DistanceSensor, 4965, 1672.000000, 1671.000000, 611.000000, 9999.000000
distance_sensors, DistanceSensor, 4975, 1672.000000, 1671.000000, 611.000000, 9999.000000
distance_sensors, DistanceSensor, 4985, 1675.000000, 1671.000000, 611.000000, 9999.000000
distance_sensors, DistanceSensor, 4995, 1675.000000, 1671.000000, 611.000000, 9999.000000
distance_sensors, DistanceSensor, 5005, 1675.000000, 1671.000000, 610.000000, 9999.000000
distance_sensors, DistanceSensor, 5015, 1675.000000, 1671.000000, 610.000000, 9999.000000
distance_sensors, DistanceSensor, 5025, 1675.000000, 1671.000000, 610.000000, 9999.000000
distance_sensors, DistanceSensor, 5035, 1675.000000, 1669.000000, 610.000000, 9999.000000
distance_sensors, DistanceSensor, 5045, 1675.000000, 1669.000000, 615.000000, 9999.000000
distance_sensors, DistanceSensor, 5055, 1680.000000, 1669.000000, 615.000000, 9999.000000
distance_sensors, DistanceSensor, 5065, 1680.000000, 1669.000000, 615.000000, 9999.000000
distance_sensors, DistanceSensor, 5075, 1680.000000, 1672.000000, 614.000000, 9999.000000
distance_sensors, DistanceSensor, 5085, 1677.000000, 1672.000000, 614.000000, 9999.000000
distance_sensors, DistanceSensor, 5095, 1677.000000, 1672.000000, 614.000000, 9999.000000
distance_sensors, DistanceSensor, 5105, 1677.000000, 509.000000, 614.000000, 9999.000000
distance_sensors, DistanceSensor, 5115, 1677.000000, 509.000000, 605.000000, 9999.000000
distance_sensors, DistanceSensor, 5125, 1691.000000, 509.000000, 605.000000, 9999.000000
distance_sensors, DistanceSensor, 5135, 1691.000000, 509.000000, 605.000000, 9999.000000
distance_sensors, DistanceSensor, 5145, 1691.000000, 504.000000, 594.000000, 9999.000000
distance_sensors, DistanceSensor, 5155, 1734.000000, 504.000000, 594.000000, 9999.000000
distance_sensors, DistanceSensor, 5165, 1734.000000, 504.000000, 594.000000, 9999.000000
distance_sensors, DistanceSensor, 5175, 1734.000000, 1715.000000, 594.000000, 9999.000000
distance_sensors, DistanceSensor, 5185, 1734.000000, 1715.000000, 491.000000, 9999.000000
distance_sensors, DistanceSensor, 5195, 1826.000000, 1715.000000, 491.000000, 9999.000000
distance_sensors, DistanceSensor, 5205, 1826.000000, 1715.000000, 491.000000, 9999.000000
distance_sensors, DistanceSensor, 5215, 1826.000000, 9999.000000, 489.000000, 9999.000000
distance_sensors, DistanceSensor, 5225, 9999.000000, 9999.000000, 489.000000, 9999.000000
distance_sensors, DistanceSensor, 5235, 9999.000000, 9999.000000, 489.000000, 9999.000000
distance_sensors, DistanceSensor, 5245, 9999.000000, 867.000000, 489.000000, 9999.000000
distance_sensors, DistanceSensor, 5255, 9999.000000, 867.000000, 639.000000, 9999.000000
distance_sensors, DistanceSensor, 5265, 9999.000000, 867.000000, 639.000000, 9999.000000
distance_sensors, DistanceSensor, 5275, 9999.000000, 867.000000, 639.000000, 9999.000000
distance_sensors, DistanceSensor, 5285, 9999.000000, 692.000000, 715.000000, 9999.000000
distance_sensors, DistanceSensor, 5295, 9999.000000, 692.000000, 715.000000, 9999.000000
distance_sensors, DistanceSensor, 5305, 9999.000000, 692.000000, 715.000000, 9999.000000
distance_sensors, DistanceSensor, 5315, 9999.000000, 579.000000, 715.000000, 9999.000000
distance_sensors, DistanceSensor, 5325, 9999.000000, 579.000000, 9999.000000, 1919.000000
distance_sensors, DistanceSensor, 5335, 1200.000000, 579.000000, 9999.000000, 1919.000000
distance_sensors, DistanceSensor, 5345, 1200.000000, 579.000000, 9999.000000, 1919.000000
distance_sensors, DistanceSensor, 5355, 1200.000000, 511.000000, 9999.000000, 1919.000000
distance_sensors, DistanceSensor, 5365, 9999.000000, 511.000000, 9999.000000, 1814.000000
distance_sensors, DistanceSensor, 5375, 9999.000000, 511.000000, 9999.000000, 1814.000000
distance_sensors, DistanceSensor, 5385, 9999.000000, 511.000000, 9999.000000, 1814.000000
distance_sensors, DistanceSensor, 5395, 9999.000000, 467.000000, 2202.000000, 574.000000
distance_sensors, DistanceSensor, 5405, 445.000000, 467.000000, 2202.000000, 574.000000
distance_sensors, DistanceSensor, 5415, 445.000000, 467.000000, 2202.000000, 574.000000
distance_sensors, DistanceSensor, 5425, 445.000000, 444.000000, 1883.000000, 574.000000
distance_sensors, DistanceSensor, 5435, 465.000000, 444.000000, 1883.000000, 1746.000000
distance_sensors, DistanceSensor, 5445, 465.000000, 444.000000, 1883.000000, 1746.000000
distance_sensors, DistanceSensor, 5455, 465.000000, 444.000000, 1883.000000, 1746.000000
distance_sensors, DistanceSensor, 5465, 465.000000, 435.000000, 1865.000000, 1752.000000
distance_sensors, DistanceSensor, 5475, 9999.000000, 435.000000, 1865.000000, 1752.000000
distance_sensors, DistanceSensor, 5485, 9999.000000, 435.000000, 1865.000000, 1752.000000
distance_sensors, DistanceSensor, 5495, 9999.000000, 432.000000, 1863.000000, 1752.000000
distance_sensors, DistanceSensor, 5505, 9999.000000, 432.000000, 1863.000000, 1749.000000
distance_sensors, DistanceSensor, 5515, 9999.000000, 432.000000, 1863.000000, 1749.000000
distance_sensors, DistanceSensor, 5525, 9999.000000, 432.000000, 1863.000000, 1749.000000
distance_sensors, DistanceSensor, 5535, 9999.000000, 433.000000, 1862.000000, 1746.000000
distance_sensors, DistanceSensor, 5545, 9999.000000, 433.000000, 1862.000000, 1746.000000
distance_sensors, DistanceSensor, 5555, 9999.000000, 433.000000, 1862.000000, 1746.000000
distance_sensors, DistanceSensor, 5565, 9999.000000, 434.000000, 1867.000000, 1746.000000
distance_sensors, DistanceSensor, 5575, 9999.000000, 434.000000, 1867.000000, 1744.000000
distance_sensors, DistanceSensor, 5585, 9999.000000, 434.000000, 1867.000000, 1744.000000
distance_sensors, DistanceSensor, 5595, 9999.000000, 434.000000, 1867.000000, 1744.000000
distance_sensors, DistanceSensor, 5605, 9999.000000, 438.000000, 1869.000000, 1746.000000
distance_sensors, DistanceSensor, 5615, 9999.000000, 438.000000, 1869.000000, 1746.000000
distance_sensors, DistanceSensor, 5625, 9999.000000, 438.000000, 1869.000000, 1746.000000
distance_sensors, DistanceSensor, 5635, 9999.000000, 437.000000, 1863.000000, 1746.000000
distance_sensors, DistanceSensor, 5645, 9999.000000, 437.000000, 1863.000000, 1763.000000
distance_sensors, DistanceSensor, 5655, 469.000000, 437.000000, 1863.000000, 1763.000000
distance_sensors, DistanceSensor, 5665, 469.000000, 437.000000, 1863.000000, 1763.000000
distance_sensors, DistanceSensor, 5675, 469.000000, 427.000000, 1846.000000, 1775.000000
distance_sensors, DistanceSensor, 5685, 472.000000, 427.000000, 1846.000000, 1775.000000
distance_sensors, DistanceSensor, 5695, 472.000000, 427.000000, 1846.000000, 1775.000000
distance_sensors, DistanceSensor, 5705, 472.000000, 320.000000, 1846.000000, 1775.000000
distance_sensors, DistanceSensor, 5715, 472.000000, 320.000000, 1816.000000, 1801.000000
distance_sensors, DistanceSensor, 5725, 462.000000, 320.000000, 1816.000000, 1801.000000
distance_sensors, DistanceSensor, 5735, 462.000000, 320.000000, 1816.000000, 1801.000000
distance_sensors, DistanceSensor, 5745, 462.000000, 331.000000, 1785.000000, 1801.000000
distance_sensors, DistanceSensor, 5755, 456.000000, 331.000000, 1785.000000, 1827.000000
distance_sensors, DistanceSensor, 5765, 456.000000, 331.000000, 1785.000000, 1827.000000
distance_sensors, DistanceSensor, 5775, 456.000000, 326.000000, 1785.000000, 1827.000000
distance_sensors, DistanceSensor, 5785, 456.000000, 326.000000, 1756.000000, 1858.000000
distance_sensors, DistanceSensor, 5795, 456.000000, 326.000000, 1756.000000, 1858.000000
distance_sensors, DistanceSensor, 5805, 456.000000, 326.000000, 1756.000000, 1858.000000
distance_sensors, DistanceSensor, 5815, 456.000000, 325.000000, 1720.000000, 1858.000000
distance_sensors, DistanceSensor, 5825, 462.000000, 325.000000, 1720.000000, 1886.000000
distance_sensors, DistanceSensor, 5835, 462.000000, 325.000000, 1720.000000, 1886.000000
distance_sensors, DistanceSensor, 5845, 462.000000, 439.000000, 1720.000000, 1886.000000
distance_sensors, DistanceSensor, 5855, 462.000000, 439.000000, 1691.000000, 1923.000000
distance_sensors, DistanceSensor, 5865, 469.000000, 439.000000, 1691.000000, 1923.000000
distance_sensors, DistanceSensor, 5875, 469.000000, 439.000000, 1691.000000, 1923.000000
distance_sensors, DistanceSensor, 5885, 469.000000, 439.000000, 1653.000000, 1923.000000
distance_sensors, DistanceSensor, 5895, 9999.000000, 439.000000, 1653.000000, 1955.000000
distance_sensors, DistanceSensor, 5905, 9999.000000, 439.000000, 1653.000000, 1955.000000
distance_sensors, DistanceSensor, 5915, 9999.000000, 439.000000, 1653.000000, 1955.000000
distance_sensors, DistanceSensor, 5925, 9999.000000, 445.000000, 1618.000000, 1991.000000
distance_sensors, DistanceSensor, 5935, 9999.000000, 445.000000, 1618.000000, 1991.000000
distance_sensors, DistanceSensor, 5945, 9999.000000, 445.000000, 1618.000000, 1991.000000
distance_sensors, DistanceSensor, 5955, 9999.000000, 443.000000, 1577.000000, 1991.000000
distance_sensors, DistanceSensor, 5965, 9999.000000, 443.000000, 1577.000000, 2034.000000
distance_sensors, DistanceSensor, 5975, 9999.000000, 443.000000, 1577.000000, 2034.000000
distance_sensors, DistanceSensor, 5985, 9999.000000, 443.000000, 1577.000000, 2034.000000
distance_sensors, DistanceSensor, 5995, 9999.000000, 449.000000, 1541.000000, 2072.000000
distance_sensors, DistanceSensor, 6005, 9999.000000, 449.000000, 1541.000000, 2072.000000
distance_sensors, DistanceSensor, 6015, 9999.000000, 449.000000, 1541.000000, 2072.000000
distance_sensors, DistanceSensor, 6025, 9999.000000, 456.000000, 1505.000000, 2072.000000
distance_sensors, DistanceSensor, 6035, 9999.000000, 456.000000, 1505.000000, 2105.000000
distance_sensors, DistanceSensor, 6045, 9999.000000, 456.000000, 1505.000000, 2105.000000
distance_sensors, DistanceSensor, 6055, 9999.000000, 456.000000, 1505.000000, 2105.000000
distance_sensors, DistanceSensor, 6065, 9999.000000, 453.000000, 1472.000000, 2134.000000
distance_sensors, DistanceSensor, 6075, 9999.000000, 453.000000, 1472.000000, 2134.000000
distance_sensors, DistanceSensor, 6085, 9999.000000, 453.000000, 1472.000000, 2134.000000
distance_sensors, DistanceSensor, 6095, 9999.000000, 461.000000, 1447.000000, 2134.000000
distance_sensors, DistanceSensor, 6105, 9999.000000, 461.000000, 1447.000000, 2162.000000
distance_sensors, DistanceSensor, 6115, 9999.000000, 461.000000, 1447.000000, 2162.000000
distance_sensors, DistanceSensor, 6125, 9999.000000, 461.000000, 1447.000000, 2162.000000
distance_sensors, DistanceSensor, 6135, 9999.000000, 464.000000, 1424.000000, 2190.000000
distance_sensors, DistanceSensor, 6145, 9999.000000, 464.000000, 1424.000000, 2190.000000
distance_sensors, DistanceSensor, 6155, 9999.000000, 464.000000, 1424.000000, 2190.000000
distance_sensors, DistanceSensor, 6165, 9999.000000, 467.000000, 1397.000000, 2190.000000
distance_sensors, DistanceSensor, 6175, 9999.000000, 467.000000, 1397.000000, 2216.000000
distance_sensors, DistanceSensor, 6185, 9999.000000, 467.000000, 1397.000000, 2216.000000
distance_sensors, DistanceSensor, 6195, 9999.000000, 467.000000, 1397.000000, 2216.000000
distance_sensors, DistanceSensor, 6205, 9999.000000, 468.000000, 1371.000000, 2216.000000
distance_sensors, DistanceSensor, 6215, 9999.000000, 468.000000, 1371.000000, 2236.000000
distance_sensors, DistanceSensor, 6225, 9999.000000, 468.000000, 1371.000000, 2236.000000
distance_sensors, DistanceSensor, 6235, 9999.000000, 463.000000, 1354.000000, 2236.000000
distance_sensors, DistanceSensor, 6245, 9999.000000, 463.000000, 1354.000000, 2255.000000
distance_sensors, DistanceSensor, 6255, 9999.000000, 463.000000, 1354.000000, 2255.000000
distance_sensors, DistanceSensor, 6265, 9999.000000, 463.000000, 1354.000000, 2255.000000
distance_sensors, DistanceSensor, 6275, 9999.000000, 466.000000, 1341.000000, 2255.000000
distance_sensors, DistanceSensor, 6285, 9999.000000, 466.000000, 1341.000000, 2273.000000
distance_sensors, DistanceSensor, 6295, 9999.000000, 466.000000, 1341.000000, 2273.000000
distance_sensors, DistanceSensor, 6305, 9999.000000, 468.000000, 1333.000000, 2273.000000
distance_sensors, DistanceSensor, 6315, 9999.000000, 468.000000, 1333.000000, 2277.000000
distance_sensors, DistanceSensor, 6325, 9999.000000, 468.000000, 1333.000000, 2277.000000
distance_sensors, DistanceSensor, 6335, 9999.000000, 468.000000, 1333.000000, 2277.000000
distance_sensors, DistanceSensor, 6345, 9999.000000, 470.000000, 1325.000000, 2277.000000
distance_sensors, DistanceSensor, 6355, 9999.000000, 470.000000, 1325.000000, 2279.000000
distance_sensors, DistanceSensor, 6365, 9999.000000, 470.000000, 1325.000000, 2279.000000
distance_sensors, DistanceSensor, 6375, 9999.000000, 470.000000, 1325.000000, 2279.000000
distance_sensors, DistanceSensor, 6385, 9999.000000, 470.000000, 1323.000000, 2286.000000
distance_sensors, DistanceSensor, 6395, 9999.000000, 470.000000, 1323.000000, 2286.000000
distance_sensors, DistanceSensor, 6405, 9999.000000, 470.000000, 1323.000000, 2286.000000
distance_sensors, DistanceSensor, 6415, 9999.000000, 468.000000, 1322.000000, 2286.000000
distance_sensors, DistanceSensor, 6425, 9999.000000, 468.000000, 1322.000000, 2284.000000
distance_sensors, DistanceSensor, 6435, 9999.000000, 468.000000, 1322.000000, 2284.000000
distance_sensors, DistanceSensor, 6445, 9999.000000, 468.000000, 1322.000000, 2284.000000
distance_sensors, DistanceSensor, 6455, 9999.000000, 464.000000, 1325.000000, 2284.000000
distance_sensors, DistanceSensor, 6465, 9999.000000, 464.000000, 1325.000000, 2284.000000
distance_sensors, DistanceSensor, 6475, 9999.000000, 464.000000, 1325.000000, 2284.000000
distance_sensors, DistanceSensor, 6485, 9999.000000, 467.000000, 1324.000000, 2284.000000
distance_sensors, DistanceSensor, 6495, 9999.000000, 467.000000, 1324.000000, 2286.000000
distance_sensors, DistanceSensor, 6505, 9999.000000, 467.000000, 1324.000000, 2286.000000
distance_sensors, DistanceSensor, 6515, 9999.000000, 467.000000, 1324.000000, 2286.000000
distance_sensors, DistanceSensor, 6525, 9999.000000, 470.000000, 1325.000000, 2286.000000
distance_sensors, DistanceSensor, 6535, 9999.000000, 470.000000, 1325.000000, 2281.000000
distance_sensors, DistanceSensor, 6545, 9999.000000, 470.000000, 1325.000000, 2281.000000
distance_sensors, DistanceSensor, 6555, 9999.000000, 470.000000, 1325.000000, 2281.000000
distance_sensors, DistanceSensor, 6565, 9999.000000, 466.000000, 1321.000000, 2284.000000
distance_sensors, DistanceSensor, 6575, 9999.000000, 466.000000, 1321.000000, 2284.000000
distance_sensors, DistanceSensor, 6585, 9999.000000, 466.000000, 1321.000000, 2284.000000
distance_sensors, DistanceSensor, 6595, 9999.000000, 466.000000, 1323.000000, 2284.000000
distance_sensors, DistanceSensor, 6605, 9999.000000, 466.000000, 1323.000000, 2284.000000
distance_sensors, DistanceSensor, 6615, 9999.000000, 466.000000, 1323.000000, 2284.000000
distance_sensors, DistanceSensor, 6625, 9999.000000, 466.000000, 1323.000000, 2284.000000
distance_sensors, DistanceSensor, 6635, 9999.000000, 468.000000, 1325.000000, 2284.000000
distance_sensors, DistanceSensor, 6645, 9999.000000, 468.000000, 1325.000000, 2284.000000
distance_sensors, DistanceSensor, 6655, 9999.000000, 468.000000, 1325.000000, 2284.000000
distance_sensors, DistanceSensor, 6665, 9999.000000, 471.000000, 1322.000000, 2284.000000
distance_sensors, DistanceSensor, 6675, 9999.000000, 471.000000, 1322.000000, 2285.000000
distance_sensors, DistanceSensor, 6685, 9999.000000, 471.000000, 1322.000000, 2285.000000
distance_sensors, DistanceSensor, 6695, 9999.000000, 471.000000, 1322.000000, 2285.000000
distance_sensors, DistanceSensor, 6705, 9999.000000, 469.000000, 1330.000000, 2280.000000
distance_sensors, DistanceSensor, 6715, 9999.000000, 469.000000, 1330.000000, 2280.000000
distance_sensors, DistanceSensor, 6725, 9999.000000, 469.000000, 1330.000000, 2280.000000
distance_sensors, DistanceSensor, 6735, 9999.000000, 476.000000, 1343.000000, 2280.000000
distance_sensors, DistanceSensor, 6745, 9999.000000, 476.000000, 1343.000000, 2279.000000
distance_sensors, DistanceSensor, 6755, 9999.000000, 476.000000, 1343.000000, 2279.000000
distance_sensors, DistanceSensor, 6765, 9999.000000, 476.000000, 1343.000000, 2279.000000
distance_sensors, DistanceSensor, 6775, 9999.000000, 496.000000, 1380.000000, 2307.000000
distance_sensors, DistanceSensor, 6785, 9999.000000, 496.000000, 1380.000000, 2307.000000
distance_sensors, DistanceSensor, 6795, 9999.000000, 496.000000, 1380.000000, 2307.000000
distance_sensors, DistanceSensor, 6805, 9999.000000, 528.000000, 1440.000000, 2307.000000
distance_sensors, DistanceSensor, 6815, 9999.000000, 528.000000, 1440.000000, 2350.000000
distance_sensors, DistanceSensor, 6825, 9999.000000, 528.000000, 1440.000000, 2350.000000
distance_sensors, DistanceSensor, 6835, 9999.000000, 528.000000, 1440.000000, 2350.000000
distance_sensors, DistanceSensor, 6845, 9999.000000, 601.000000, 9999.000000, 2350.000000
distance_sensors, DistanceSensor, 6855, 9999.000000, 601.000000, 9999.000000, 9999.000000
distance_sensors, DistanceSensor, 6865, 9999.000000, 601.000000, 9999.000000, 9999.000000
distance_sensors, DistanceSensor, 6875, 9999.000000, 725.000000, 771.000000, 9999.000000
distance_sensors, DistanceSensor, 6885, 9999.000000, 725.000000, 771.000000, 9999.000000
distance_sensors, DistanceSensor, 6895, 9999.000000, 725.000000, 771.000000, 9999.000000
distance_sensors, DistanceSensor, 6905, 9999.000000, 725.000000, 771.000000, 9999.000000
distance_sensors, DistanceSensor, 6915, 9999.000000, 915.000000, 695.000000, 9999.000000
distance_sensors, DistanceSensor, 6925, 1503.000000, 915.000000, 695.000000, 9999.000000
distance_sensors, DistanceSensor, 6935, 1503.000000, 915.000000, 695.000000, 9999.000000
distance_sensors, DistanceSensor, 6945, 1503.000000, 9999.000000, 657.000000, 9999.000000
distance_sensors, DistanceSensor, 6955, 1503.000000, 9999.000000, 657.000000, 9999.000000
distance_sensors, DistanceSensor, 6965, 1304.000000, 9999.000000, 657.000000, 9999.000000
distance_sensors, DistanceSensor, 6975, 1304.000000, 9999.000000, 657.000000, 9999.000000
distance_sensors, DistanceSensor, 6985, 1304.000000, 2242.000000, 649.000000, 9999.000000
distance_sensors, DistanceSensor, 6995, 1190.000000, 2242.000000, 649.000000, 9999.000000
distance_sensors, DistanceSensor, 7005, 1190.000000, 2242.000000, 649.000000, 9999.000000
distance_sensors, DistanceSensor, 7015, 1190.000000, 2212.000000, 661.000000, 9999.000000
distance_sensors, DistanceSensor, 7025, 1190.000000, 2212.000000, 661.000000, 9999.000000
distance_sensors, DistanceSensor, 7035, 1131.000000, 2212.000000, 661.000000, 9999.000000
distance_sensors, DistanceSensor, 7045, 1131.000000, 2212.000000, 661.000000, 9999.000000
distance_sensors, DistanceSensor, 7055, 1131.000000, 2229.000000, 680.000000, 9999.000000
distance_sensors, DistanceSensor, 7065, 1116.000000, 2229.000000, 680.000000, 9999.000000
distance_sensors, DistanceSensor, 7075, 1116.000000, 2229.000000, 680.000000, 9999.000000
distance_sensors, DistanceSensor, 7085, 1116.000000, 2229.000000, 706.000000, 9999.000000
distance_sensors, DistanceSensor, 7095, 1116.000000, 2263.000000, 706.000000, 9999.000000
distance_sensors, DistanceSensor, 7105, 1114.000000, 2263.000000, 706.000000, 9999.000000
distance_sensors, DistanceSensor, 7115, 1114.000000, 2263.000000, 706.000000, 9999.000000
distance_sensors, DistanceSensor, 7125, 1114.000000, 2278.000000, 717.000000, 9999.000000
distance_sensors, DistanceSensor, 7135, 1116.000000, 2278.000000, 717.000000, 9999.000000
distance_sensors, DistanceSensor, 7145, 1116.000000, 2278.000000, 717.000000, 9999.000000
distance_sensors, DistanceSensor, 7155, 1116.000000, 2278.000000, 720.000000, 9999.000000
distance_sensors, DistanceSensor, 7165, 1116.000000, 2278.000000, 720.000000, 9999.000000
distance_sensors, DistanceSensor, 7175, 1113.000000, 2278.000000, 720.000000, 9999.000000
distance_sensors, DistanceSensor, 7185, 1113.000000, 2278.000000, 720.000000, 9999.000000
distance_sensors, DistanceSensor, 7195, 1113.000000, 2271.000000, 715.000000, 9999.000000
distance_sensors, DistanceSensor, 7205, 1115.000000, 2271.000000, 715.000000, 9999.000000
distance_sensors, DistanceSensor, 7215, 1115.000000, 2271.000000, 715.000000, 9999.000000
distance_sensors, DistanceSensor, 7225, 1115.000000, 2271.000000, 715.000000, 9999.000000
distance_sensors, DistanceSensor, 7235, 1115.000000, 2261.000000, 716.000000, 9999.000000
distance_sensors, DistanceSensor, 7245, 1113.000000, 2261.000000, 716.000000, 9999.000000
distance_sensors, DistanceSensor, 7255, 1113.000000, 2261.000000, 716.000000, 9999.000000
distance_sensors, DistanceSensor, 7265, 1113.000000, 2252.000000, 725.000000, 9999.000000
distance_sensors, DistanceSensor, 7275, 1113.000000, 2252.000000, 725.000000, 9999.000000
distance_sensors, DistanceSensor, 7285, 1107.000000, 2252.000000, 725.000000, 9999.000000
distance_sensors, DistanceSensor, 7295, 1107.000000, 2252.000000, 725.000000, 9999.000000
distance_sensors, DistanceSensor, 7305, 1107.000000, 2245.000000, 739.000000, 9999.000000
distance_sensors, DistanceSensor, 7315, 1112.000000, 2245.000000, 739.000000, 9999.000000
distance_sensors, DistanceSensor, 7325, 1112.000000, 2245.000000, 739.000000, 9999.000000
distance_sensors, DistanceSensor, 7335, 1112.000000, 2248.000000, 760.000000, 9999.000000
distance_sensors, DistanceSensor, 7345, 1112.000000, 2248.000000, 760.000000, 9999.000000
distance_sensors, DistanceSensor, 7355, 1108.000000, 2248.000000, 760.000000, 9999.000000
distance_sensors, DistanceSensor, 7365, 1108.000000, 2248.000000, 760.000000, 9999.000000
distance_sensors, DistanceSensor, 7375, 1108.000000, 2247.000000, 784.000000, 9999.000000
distance_sensors, DistanceSensor, 7385, 1108.000000, 2247.000000, 784.000000, 9999.000000
distance_sensors, DistanceSensor, 7395, 1108.000000, 2247.000000, 784.000000, 9999.000000
distance_sensors, DistanceSensor, 7405, 1108.000000, 2251.000000, 816.000000, 9999.000000
distance_sensors, DistanceSensor, 7415, 1108.000000, 2251.000000, 816.000000, 9999.000000
distance_sensors, DistanceSensor, 7425, 1108.000000, 2251.000000, 816.000000, 9999.000000
distance_sensors, DistanceSensor, 7435, 1108.000000, 2251.000000, 816.000000, 9999.000000
distance_sensors, DistanceSensor, 7445, 1108.000000, 2258.000000, 856.000000, 9999.000000
distance_sensors, DistanceSensor, 7455, 1105.000000, 2258.000000, 856.000000, 9999.000000
distance_sensors, DistanceSensor, 7465, 1105.000000, 2258.000000, 856.000000, 9999.000000
distance_sensors, DistanceSensor, 7475, 1105.000000, 2268.000000, 896.000000, 9999.000000
distance_sensors, DistanceSensor, 7485, 1105.000000, 2268.000000, 896.000000, 9999.000000
distance_sensors, DistanceSensor, 7495, 1106.000000, 2268.000000, 896.000000, 9999.000000
distance_sensors, DistanceSensor, 7505, 1106.000000, 2268.000000, 896.000000, 9999.000000
distance_sensors, DistanceSensor, 7515, 1106.000000, 2263.000000, 935.000000, 9999.000000
distance_sensors, DistanceSensor, 7525, 1103.000000, 2263.000000, 935.000000, 9999.000000
distance_sensors, DistanceSensor, 7535, 1103.000000, 2263.000000, 935.000000, 9999.000000
distance_sensors, DistanceSensor, 7545, 1103.000000, 2266.000000, 981.000000, 9999.000000
distance_sensors, DistanceSensor, 7555, 1103.000000, 2266.000000, 981.000000, 9999.000000
distance_sensors, DistanceSensor, 7565, 1103.000000, 2266.000000, 981.000000, 9999.000000
distance_sensors, DistanceSensor, 7575, 1103.000000, 2266.000000, 981.000000, 9999.000000
distance_sensors, DistanceSensor, 7585, 1103.000000, 2273.000000, 1022.000000, 9999.000000
distance_sensors, DistanceSensor, 7595, 1098.000000, 2273.000000, 1022.000000, 2605.000000
distance_sensors, DistanceSensor, 7605, 1098.000000, 2273.000000, 1022.000000, 2605.000000
distance_sensors, DistanceSensor, 7615, 1098.000000, 2273.000000, 1070.000000, 2605.000000
distance_sensors, DistanceSensor, 7625, 1098.000000, 2274.000000, 1070.000000, 2560.000000
distance_sensors, DistanceSensor, 7635, 1097.000000, 2274.000000, 1070.000000, 2560.000000
distance_sensors, DistanceSensor, 7645, 1097.000000, 2274.000000, 1070.000000, 2560.000000
distance_sensors, DistanceSensor, 7655, 1097.000000, 419.000000, 1113.000000, 2560.000000
distance_sensors, DistanceSensor, 7665, 1091.000000, 419.000000, 1113.000000, 2518.000000
distance_sensors, DistanceSensor, 7675, 1091.000000, 419.000000, 1113.000000, 2518.000000
distance_sensors, DistanceSensor, 7685, 1091.000000, 419.000000, 1161.000000, 2518.000000
distance_sensors, DistanceSensor, 7695, 1091.000000, 428.000000, 1161.000000, 632.000000
distance_sensors, DistanceSensor, 7705, 1089.000000, 428.000000, 1161.000000, 632.000000
distance_sensors, DistanceSensor, 7715, 1089.000000, 428.000000, 1161.000000, 632.000000
distance_sensors, DistanceSensor, 7725, 1089.000000, 2322.000000, 1203.000000, 632.000000
distance_sensors, DistanceSensor, 7735, 1090.000000, 2322.000000, 1203.000000, 9999.000000
distance_sensors, DistanceSensor, 7745, 1090.000000, 2322.000000, 1203.000000, 9999.000000
distance_sensors, DistanceSensor, 7755, 1090.000000, 2322.000000, 1243.000000, 9999.000000
distance_sensors, DistanceSensor, 7765, 1090.000000, 2335.000000, 1243.000000, 568.000000
distance_sensors, DistanceSensor, 7775, 1088.000000, 2335.000000, 1243.000000, 568.000000
distance_sensors, DistanceSensor, 7785, 1088.000000, 2335.000000, 1243.000000, 568.000000
distance_sensors, DistanceSensor, 7795, 1088.000000, 9999.000000, 1261.000000, 568.000000
distance_sensors, DistanceSensor, 7805, 1087.000000, 9999.000000, 1261.000000, 547.000000
distance_sensors, DistanceSensor, 7815, 1087.000000, 9999.000000, 1261.000000, 547.000000
distance_sensors, DistanceSensor, 7825, 1087.000000, 9999.000000, 1282.000000, 547.000000
distance_sensors, DistanceSensor, 7835, 1087.000000, 2337.000000, 1282.000000, 531.000000
distance_sensors, DistanceSensor, 7845, 1083.000000, 2337.000000, 1282.000000, 531.000000
distance_sensors, DistanceSensor, 7855, 1083.000000, 2337.000000, 1282.000000, 531.000000
distance_sensors, DistanceSensor, 7865, 1083.000000, 9999.000000, 1288.000000, 531.000000
distance_sensors, DistanceSensor, 7875, 1083.000000, 9999.000000, 1288.000000, 520.000000
distance_sensors, DistanceSensor, 7885, 1084.000000, 9999.000000, 1288.000000, 520.000000
distance_sensors, DistanceSensor, 7895, 1084.000000, 9999.000000, 1288.000000, 520.000000
distance_sensors, DistanceSensor, 7905, 1084.000000, 2355.000000, 1305.000000, 520.000000
distance_sensors, DistanceSensor, 7915, 1083.000000, 2355.000000, 1305.000000, 517.000000
distance_sensors, DistanceSensor, 7925, 1083.000000, 2355.000000, 1305.000000, 517.000000
distance_sensors, DistanceSensor, 7935, 1083.000000, 9999.000000, 1321.000000, 517.000000
distance_sensors, DistanceSensor, 7945, 1083.000000, 9999.000000, 1321.000000, 512.000000
distance_sensors, DistanceSensor, 7955, 1088.000000, 9999.000000, 1321.000000, 512.000000
distance_sensors, DistanceSensor, 7965, 1088.000000, 9999.000000, 1321.000000, 512.000000
distance_sensors, DistanceSensor, 7975, 1088.000000, 9999.000000, 1341.000000, 512.000000
distance_sensors, DistanceSensor, 7985, 1096.000000, 9999.000000, 1341.000000, 2439.000000
distance_sensors, DistanceSensor, 7995, 1096.000000, 9999.000000, 1341.000000, 2439.000000
distance_sensors, DistanceSensor, 8005, 1096.000000, 9999.000000, 1364.000000, 2439.000000
distance_sensors, DistanceSensor, 8015, 1096.000000, 9999.000000, 1364.000000, 9999.000000
distance_sensors, DistanceSensor, 8025, 1108.000000, 9999.000000, 1364.000000, 9999.000000
distance_sensors, DistanceSensor, 8035, 1108.000000, 9999.000000, 1364.000000, 9999.000000
distance_sensors, DistanceSensor, 8045, 1108.000000, 9999.000000, 1444.000000, 9999.000000
distance_sensors, DistanceSensor, 8055, 1131.000000, 9999.000000, 1444.000000, 9999.000000
distance_sensors, DistanceSensor, 8065, 1131.000000, 9999.000000, 1444.000000, 9999.000000
distance_sensors, DistanceSensor, 8075, 1131.000000, 9999.000000, 1481.000000, 9999.000000
distance_sensors, DistanceSensor, 8085, 1131.000000, 9999.000000, 1481.000000, 9999.000000
distance_sensors, DistanceSensor, 8095, 1148.000000, 9999.000000, 1481.000000, 9999.000000
distance_sensors, DistanceSensor, 8105, 1148.000000, 9999.000000, 1481.000000, 9999.000000
distance_sensors, DistanceSensor, 8115, 1148.000000, 9999.000000, 9999.000000, 9999.000000
distance_sensors, DistanceSensor, 8125, 1163.000000, 9999.000000, 9999.000000, 9999.000000
distance_sensors, DistanceSensor, 8135, 1163.000000, 9999.000000, 9999.000000, 9999.000000
distance_sensors, DistanceSensor, 8145, 1163.000000, 9999.000000, 9999.000000, 9999.000000
distance_sensors, DistanceSensor, 8155, 1163.000000, 9999.000000, 9999.000000, 9999.000000
distance_sensors, DistanceSensor, 8165, 1184.000000, 9999.000000, 9999.000000, 9999.000000
distance_sensors, DistanceSensor, 8175, 1184.000000, 9999.000000, 9999.000000, 9999.000000
distance_sensors, DistanceSensor, 8185, 1184.000000, 9999.000000, 9999.000000, 9999.000000
distance_sensors, DistanceSensor, 8195, 1208.000000, 9999.000000, 9999.000000, 9999.000000
distance_sensors, DistanceSensor, 8205, 1208.000000, 9999.000000, 9999.000000, 9999.000000
distance_sensors, DistanceSensor, 8215, 1208.000000, 9999.000000, 9999.000000, 9999.000000
distance_sensors, DistanceSensor, 8225, 1208.000000, 9999.000000, 9999.000000, 9999.000000
distance_sensors, DistanceSensor, 8235, 1216.000000, 9999.000000, 9999.000000, 9999.000000
distance_sensors, DistanceSensor, 8245, 1216.000000, 9999.000000, 9999.000000, 9999.000000
distance_sensors, DistanceSensor, 8255, 1216.000000, 9999.000000, 9999.000000, 9999.000000
distance_sensors, DistanceSensor, 8265, 1210.000000, 9999.000000, 9999.000000, 9999.000000
distance_sensors, DistanceSensor, 8275, 1210.000000, 9999.000000, 9999.000000, 9999.000000
distance_sensors, DistanceSensor, 8285, 1210.000000, 9999.000000, 9999.000000, 9999.000000
distance_sensors, DistanceSensor, 8295, 1210.000000, 9999.000000, 9999.000000, 9999.000000
distance_sensors, DistanceSensor, 8305, 1209.000000, 9999.000000, 9999.000000, 9999.000000
distance_sensors, DistanceSensor, 8315, 1209.000000, 9999.000000, 9999.000000, 9999.000000
distance_sensors, DistanceSensor, 8325, 1209.000000, 9999.000000, 9999.000000, 9999.000000
distance_sensors, DistanceSensor, 8335, 1209.000000, 9999.000000, 9999.000000, 9999.000000
distance_sensors, DistanceSensor, 8345, 1209.000000, 9999.000000, 9999.000000, 9999.000000
distance_sensors, DistanceSensor, 8355, 1209.000000, 9999.000000, 9999.000000, 9999.000000
distance_sensors, DistanceSensor, 8365, 1209.000000, 9999.000000, 9999.000000, 9999.000000
distance_sensors, DistanceSensor, 8375, 1212.000000, 9999.000000, 9999.000000, 9999.000000
distance_sensors, DistanceSensor, 8385, 1212.000000, 9999.000000, 9999.000000, 9999.000000
distance_sensors, DistanceSensor, 8395, 1212.000000, 9999.000000, 9999.000000, 9999.000000
distance_sensors, DistanceSensor, 8405, 1212.000000, 9999.000000, 9999.000000, 9999.000000
distance_sensors, DistanceSensor, 8415, 1207.000000, 9999.000000, 9999.000000, 9999.000000
distance_sensors, DistanceSensor, 8425, 1207.000000, 9999.000000, 9999.000000, 9999.000000
distance_sensors, DistanceSensor, 8435, 1207.000000, 9999.000000, 9999.000000, 9999.000000
distance_sensors, DistanceSensor, 8445, 1208.000000, 9999.000000, 9999.000000, 9999.000000
distance_sensors, DistanceSensor, 8455, 1208.000000, 9999.000000, 9999.000000, 9999.000000
distance_sensors, DistanceSensor, 8465, 1208.000000, 9999.000000, 9999.000000, 9999.000000
distance_sensors, DistanceSensor, 8475, 1208.000000, 9999.000000, 9999.000000, 9999.000000
distance_sensors, DistanceSensor, 8485, 1188.000000, 9999.000000, 9999.000000, 9999.000000
distance_sensors, DistanceSensor, 8495, 1188.000000, 9999.000000, 1620.000000, 9999.000000
distance_sensors, DistanceSensor, 8505, 1188.000000, 9999.000000, 1620.000000, 9999.000000
distance_sensors, DistanceSensor, 8515, 1170.000000, 9999.000000, 1620.000000, 9999.000000
distance_sensors, DistanceSensor, 8525, 1170.000000, 9999.000000, 1620.000000, 9999.000000
distance_sensors, DistanceSensor, 8535, 1170.000000, 9999.000000, 9999.000000, 9999.000000
distance_sensors, DistanceSensor, 8545, 1170.000000, 9999.000000, 9999.000000, 9999.000000
distance_sensors, DistanceSensor, 8555, 1166.000000, 9999.000000, 9999.000000, 9999.000000
distance_sensors, DistanceSensor, 8565, 1166.000000, 9999.000000, 9999.000000, 9999.000000
distance_sensors, DistanceSensor, 8575, 1166.000000, 9999.000000, 9999.000000, 9999.000000
distance_sensors, DistanceSensor, 8585, 1135.000000, 9999.000000, 9999.000000, 9999.000000
distance_sensors, DistanceSensor, 8595, 1135.000000, 9999.000000, 9999.000000, 9999.000000
distance_sensors, DistanceSensor, 8605, 1135.000000, 9999.000000, 9999.000000, 9999.000000
distance_sensors, DistanceSensor, 8615, 1135.000000, 9999.000000, 9999.000000, 9999.000000
distance_sensors, DistanceSensor, 8625, 1123.000000, 9999.000000, 9999.000000, 9999.000000
distance_sensors, DistanceSensor, 8635, 1123.000000, 9999.000000, 9999.000000, 9999.000000
distance_sensors, DistanceSensor, 8645, 1123.000000, 9999.000000, 1707.000000, 9999.000000
distance_sensors, DistanceSensor, 8655, 1103.000000, 9999.000000, 1707.000000, 9999.000000
distance_sensors, DistanceSensor, 8665, 1103.000000, 9999.000000, 1707.000000, 9999.000000
distance_sensors, DistanceSensor, 8675, 1103.000000, 9999.000000, 9999.000000, 9999.000000
distance_sensors, DistanceSensor, 8685, 1103.000000, 9999.000000, 9999.000000, 9999.000000
distance_sensors, DistanceSensor, 8695, 1070.000000, 9999.000000, 9999.000000, 9999.000000
distance_sensors, DistanceSensor, 8705, 1070.000000, 9999.000000, 9999.000000, 9999.000000
distance_sensors, DistanceSensor, 8715, 1070.000000, 9999.000000, 9999.000000, 9999.000000
distance_sensors, DistanceSensor, 8725, 1041.000000, 9999.000000, 9999.000000, 9999.000000
distance_sensors, DistanceSensor, 8735, 1041.000000, 9999.000000, 9999.000000, 9999.000000
distance_sensors, DistanceSensor, 8745, 1041.000000, 9999.000000, 9999.000000, 9999.000000
distance_sensors, DistanceSensor, 8755, 1041.000000, 9999.000000, 9999.000000, 9999.000000
distance_sensors, DistanceSensor, 8765, 1013.000000, 9999.000000, 9999.000000, 9999.000000
distance_sensors, DistanceSensor, 8775, 1013.000000, 9999.000000, 9999.000000, 9999.000000
distance_sensors, DistanceSensor, 8785, 1013.000000, 9999.000000, 9999.000000, 9999.000000
distance_sensors, DistanceSensor, 8795, 980.000000, 9999.000000, 9999.000000, 2265.000000
distance_sensors, DistanceSensor, 8805, 980.000000, 9999.000000, 9999.000000, 2265.000000
distance_sensors, DistanceSensor, 8815, 980.000000, 9999.000000, 9999.000000, 2265.000000
distance_sensors, DistanceSensor, 8825, 980.000000, 9999.000000, 9999.000000, 2185.000000
distance_sensors, DistanceSensor, 8835, 956.000000, 9999.000000, 9999.000000, 2185.000000
distance_sensors, DistanceSensor, 8845, 956.000000, 9999.000000, 9999.000000, 2185.000000
distance_sensors, DistanceSensor, 8855, 956.000000, 9999.000000, 9999.000000, 2185.000000
distance_sensors, DistanceSensor, 8865, 929.000000, 9999.000000, 9999.000000, 2133.000000
distance_sensors, DistanceSensor, 8875, 929.000000, 9999.000000, 9999.000000, 2133.000000
distance_sensors, DistanceSensor, 8885, 929.000000, 9999.000000, 9999.000000, 2133.000000
distance_sensors, DistanceSensor, 8895, 929.000000, 132.000000, 9999.000000, 2133.000000
distance_sensors, DistanceSensor, 8905, 902.000000, 132.000000, 9999.000000, 2082.000000
distance_sensors, DistanceSensor, 8915, 902.000000, 132.000000, 9999.000000, 2082.000000
distance_sensors, DistanceSensor, 8925, 902.000000, 140.000000, 9999.000000, 2082.000000
distance_sensors, DistanceSensor, 8935, 902.000000, 140.000000, 9999.000000, 2019.000000
distance_sensors, DistanceSensor, 8945, 871.000000, 140.000000, 9999.000000, 2019.000000
distance_sensors, DistanceSensor, 8955, 871.000000, 140.000000, 9999.000000, 2019.000000
distance_sensors, DistanceSensor, 8965, 871.000000, 9999.000000, 9999.000000, 2019.000000
distance_sensors, DistanceSensor, 8975, 850.000000, 9999.000000, 9999.000000, 1966.000000
distance_sensors, DistanceSensor, 8985, 850.000000, 9999.000000, 9999.000000, 1966.000000
distance_sensors, DistanceSensor, 8995, 850.000000, 9999.000000, 9999.000000, 1966.000000
distance_sensors, DistanceSensor, 9005, 850.000000, 9999.000000, 9999.000000, 1922.000000
distance_sensors, DistanceSensor, 9015, 825.000000, 9999.000000, 9999.000000, 1922.000000
distance_sensors, DistanceSensor, 9025, 825.000000, 9999.000000, 9999.000000, 1922.000000
distance_sensors, DistanceSensor, 9035, 825.000000, 931.000000, 9999.000000, 1922.000000
distance_sensors, DistanceSensor, 9045, 793.000000, 931.000000, 9999.000000, 1857.000000
distance_sensors, DistanceSensor, 9055, 793.000000, 931.000000, 9999.000000, 1857.000000
distance_sensors, DistanceSensor, 9065, 793.000000, 926.000000, 9999.000000, 1857.000000
distance_sensors, DistanceSensor, 9075, 793.000000, 926.000000, 9999.000000, 1806.000000
distance_sensors, DistanceSensor, 9085, 769.000000, 926.000000, 9999.000000, 1806.000000
distance_sensors, DistanceSensor, 9095, 769.000000, 926.000000, 9999.000000, 1806.000000
distance_sensors, DistanceSensor, 9105, 769.000000, 9999.000000, 9999.000000, 1806.000000
distance_sensors, DistanceSensor, 9115, 745.000000, 9999.000000, 9999.000000, 1739.000000
distance_sensors, DistanceSensor, 9125, 745.000000, 9999.000000, 9999.000000, 1739.000000
distance_sensors, DistanceSensor, 9135, 745.000000, 9999.000000, 9999.000000, 1739.000000
distance_sensors, DistanceSensor, 9145, 745.000000, 9999.000000, 9999.000000, 1689.000000
distance_sensors, DistanceSensor, 9155, 724.000000, 9999.000000, 9999.000000, 1689.000000
distance_sensors, DistanceSensor, 9165, 724.000000, 9999.000000, 9999.000000, 1689.000000
distance_sensors, DistanceSensor, 9175, 724.000000, 9999.000000, 9999.000000, 1689.000000
distance_sensors, DistanceSensor, 9185, 700.000000, 9999.000000, 9999.000000, 1624.000000
distance_sensors, DistanceSensor, 9195, 700.000000, 9999.000000, 9999.000000, 1624.000000
distance_sensors, DistanceSensor, 9205, 700.000000, 9999.000000, 9999.000000, 1624.000000
distance_sensors, DistanceSensor, 9215, 700.000000, 9999.000000, 9999.000000, 1570.000000
distance_sensors, DistanceSensor, 9225, 662.000000, 9999.000000, 9999.000000, 1570.000000
distance_sensors, DistanceSensor, 9235, 662.000000, 9999.000000, 9999.000000, 1570.000000
distance_sensors, DistanceSensor, 9245, 662.000000, 9999.000000, 9999.000000, 1570.000000
distance_sensors, DistanceSensor, 9255, 643.000000, 9999.000000, 9999.000000, 1502.000000
distance_sensors, DistanceSensor, 9265, 643.000000, 9999.000000, 9999.000000, 1502.000000
distance_sensors, DistanceSensor, 9275, 643.000000, 9999.000000, 9999.000000, 1502.000000
distance_sensors, DistanceSensor, 9285, 643.000000, 9999.000000, 9999.000000, 1449.000000
distance_sensors, DistanceSensor, 9295, 621.000000, 9999.000000, 9999.000000, 1449.000000
distance_sensors, DistanceSensor, 9305, 621.000000, 9999.000000, 9999.000000, 1449.000000
distance_sensors, DistanceSensor, 9315, 621.000000, 9999.000000, 9999.000000, 1449.000000
distance_sensors, DistanceSensor, 9325, 595.000000, 9999.000000, 9999.000000, 1389.000000
distance_sensors, DistanceSensor, 9335, 595.000000, 9999.000000, 9999.000000, 1389.000000
distance_sensors, DistanceSensor, 9345, 595.000000, 9999.000000, 9999.000000, 1389.000000
distance_sensors, DistanceSensor, 9355, 595.000000, 9999.000000, 9999.000000, 1389.000000
distance_sensors, DistanceSensor, 9365, 570.000000, 9999.000000, 9999.000000, 1335.000000
distance_sensors, DistanceSensor, 9375, 570.000000, 9999.000000, 9999.000000, 1335.000000
distance_sensors, DistanceSensor, 9385, 570.000000, 9999.000000, 9999.000000, 1335.000000
distance_sensors, DistanceSensor, 9395, 547.000000, 9999.000000, 9999.000000, 1278.000000
distance_sensors, DistanceSensor, 9405, 547.000000, 9999.000000, 9999.000000, 1278.000000
distance_sensors, DistanceSensor, 9415, 547.000000, 9999.000000, 9999.000000, 1278.000000
distance_sensors, DistanceSensor, 9425, 547.000000, 9999.000000, 9999.000000, 1278.000000
distance_sensors, DistanceSensor, 9435, 525.000000, 9999.000000, 9999.000000, 1229.000000
distance_sensors, DistanceSensor, 9445, 525.000000, 9999.000000, 9999.000000, 1229.000000
distance_sensors, DistanceSensor, 9455, 525.000000, 1204.000000, 9999.000000, 1229.000000
distance_sensors, DistanceSensor, 9465, 525.000000, 1204.000000, 9999.000000, 1177.000000
distance_sensors, DistanceSensor, 9475, 503.000000, 1204.000000, 9999.000000, 1177.000000
distance_sensors, DistanceSensor, 9485, 503.000000, 1204.000000, 9999.000000, 1177.000000
distance_sensors, DistanceSensor, 9495, 503.000000, 9999.000000, 9999.000000, 1177.000000
distance_sensors, DistanceSensor, 9505, 483.000000, 9999.000000, 9999.000000, 1132.000000
distance_sensors, DistanceSensor, 9515, 483.000000, 9999.000000, 9999.000000, 1132.000000
distance_sensors, DistanceSensor, 9525, 483.000000, 9999.000000, 9999.000000, 1132.000000
distance_sensors, DistanceSensor, 9535, 483.000000, 9999.000000, 9999.000000, 1095.000000
distance_sensors, DistanceSensor, 9545, 469.000000, 9999.000000, 9999.000000, 1095.000000
distance_sensors, DistanceSensor, 9555, 469.000000, 9999.000000, 9999.000000, 1095.000000
distance_sensors, DistanceSensor, 9565, 469.000000, 9999.000000, 9999.000000, 1095.000000
distance_sensors, DistanceSensor, 9575, 455.000000, 9999.000000, 9999.000000, 1062.000000
distance_sensors, DistanceSensor, 9585, 455.000000, 9999.000000, 9999.000000, 1062.000000
distance_sensors, DistanceSensor, 9595, 455.000000, 9999.000000, 9999.000000, 1062.000000
distance_sensors, DistanceSensor, 9605, 455.000000, 9999.000000, 9999.000000, 1044.000000
distance_sensors, DistanceSensor, 9615, 446.000000, 9999.000000, 9999.000000, 1044.000000
distance_sensors, DistanceSensor, 9625, 446.000000, 9999.000000, 9999.000000, 1044.000000
distance_sensors, DistanceSensor, 9635, 446.000000, 9999.000000, 9999.000000, 1044.000000
distance_sensors, DistanceSensor, 9645, 439.000000, 9999.000000, 9999.000000, 1026.000000
distance_sensors, DistanceSensor, 9655, 439.000000, 9999.000000, 9999.000000, 1026.000000
distance_sensors, DistanceSensor, 9665, 439.000000, 9999.000000, 9999.000000, 1026.000000
distance_sensors, DistanceSensor, 9675, 439.000000, 9999.000000, 9999.000000, 1016.000000
distance_sensors, DistanceSensor, 9685, 434.000000, 9999.000000, 9999.000000, 1016.000000
distance_sensors, DistanceSensor, 9695, 434.000000, 9999.000000, 9999.000000, 1016.000000
distance_sensors, DistanceSensor, 9705, 434.000000, 9999.000000, 9999.000000, 1016.000000
distance_sensors, DistanceSensor, 9715, 431.000000, 9999.000000, 9999.000000, 1003.000000
distance_sensors, DistanceSensor, 9725, 431.000000, 9999.000000, 9999.000000, 1003.000000
distance_sensors, DistanceSensor, 9735, 431.000000, 9999.000000, 9999.000000, 1003.000000
distance_sensors, DistanceSensor, 9745, 431.000000, 9999.000000, 9999.000000, 995.000000
distance_sensors, DistanceSensor, 9755, 426.000000, 9999.000000, 9999.000000, 995.000000
distance_sensors, DistanceSensor, 9765, 426.000000, 9999.000000, 9999.000000, 995.000000
distance_sensors, DistanceSensor, 9775, 426.000000, 9999.000000, 9999.000000, 995.000000
distance_sensors, DistanceSensor, 9785, 422.000000, 9999.000000, 9999.000000, 986.000000
distance_sensors, DistanceSensor, 9795, 422.000000, 9999.000000, 9999.000000, 986.000000
distance_sensors, DistanceSensor, 9805, 422.000000, 9999.000000, 9999.000000, 986.000000
distance_sensors, DistanceSensor, 9815, 422.000000, 9999.000000, 9999.000000, 973.000000
distance_sensors, DistanceSensor, 9825, 421.000000, 9999.000000, 9999.000000, 973.000000
distance_sensors, DistanceSensor, 9835, 421.000000, 9999.000000, 9999.000000, 973.000000
distance_sensors, DistanceSensor, 9845, 421.000000, 9999.000000, 9999.000000, 973.000000
distance_sensors, DistanceSensor, 9855, 415.000000, 9999.000000, 9999.000000, 972.000000
distance_sensors, DistanceSensor, 9865, 415.000000, 9999.000000, 9999.000000, 972.000000
distance_sensors, DistanceSensor, 9875, 415.000000, 9999.000000, 9999.000000, 972.000000
distance_sensors, DistanceSensor, 9885, 415.000000, 9999.000000, 9999.000000, 972.000000
distance_sensors, DistanceSensor, 9895, 418.000000, 9999.000000, 9999.000000, 976.000000
distance_sensors, DistanceSensor, 9905, 418.000000, 9999.000000, 9999.000000, 976.000000
distance_sensors, DistanceSensor, 9915, 418.000000, 9999.000000, 9999.000000, 976.000000
distance_sensors, DistanceSensor, 9925, 421.000000, 9999.000000, 9999.000000, 987.000000
distance_sensors, DistanceSensor, 9935, 421.000000, 9999.000000, 9999.000000, 987.000000
distance_sensors, DistanceSensor, 9945, 421.000000, 9999.000000, 9999.000000, 987.000000
distance_sensors, DistanceSensor, 9955, 421.000000, 9999.000000, 9999.000000, 987.000000
distance_sensors, DistanceSensor, 9965, 425.000000, 9999.000000, 9999.000000, 1001.000000
distance_sensors, DistanceSensor, 9975, 425.000000, 9999.000000, 9999.000000, 1001.000000
distance_sensors, DistanceSensor, 9985, 425.000000, 9999.000000, 9999.000000, 1001.000000
distance_sensors, DistanceSensor, 9995, 438.000000, 9999.000000, 9999.000000, 1021.000000
distance_sensors, DistanceSensor, 10005, 438.000000, 9999.000000, 9999.000000, 1021.000000
distance_sensors, DistanceSensor, 10015, 438.000000, 9999.000000, 9999.000000, 1021.000000
distance_sensors, DistanceSensor, 10025, 438.000000, 9999.000000, 9999.000000, 1021.000000
distance_sensors, DistanceSensor, 10035, 443.000000, 9999.000000, 9999.000000, 1046.000000
distance_sensors, DistanceSensor, 10045, 443.000000, 9999.000000, 9999.000000, 1046.000000
distance_sensors, DistanceSensor, 10055, 443.000000, 9999.000000, 9999.000000, 1046.000000
distance_sensors, DistanceSensor, 10065, 443.000000, 9999.000000, 9999.000000, 1070.000000
distance_sensors, DistanceSensor, 10075, 451.000000, 9999.000000, 9999.000000, 1070.000000
distance_sensors, DistanceSensor, 10085, 451.000000, 9999.000000, 9999.000000, 1070.000000
distance_sensors, DistanceSensor, 10095, 451.000000, 1209.000000, 9999.000000, 1070.000000
distance_sensors, DistanceSensor, 10105, 459.000000, 1209.000000, 9999.000000, 1103.000000
distance_sensors, DistanceSensor, 10115, 459.000000, 1209.000000, 9999.000000, 1103.000000
distance_sensors, DistanceSensor, 10125, 459.000000, 9999.000000, 9999.000000, 1103.000000
distance_sensors, DistanceSensor, 10135, 459.000000, 9999.000000, 9999.000000, 1137.000000
distance_sensors, DistanceSensor, 10145, 471.000000, 9999.000000, 9999.000000, 1137.000000
distance_sensors, DistanceSensor, 10155, 471.000000, 9999.000000, 9999.000000, 1137.000000
distance_sensors, DistanceSensor, 10165, 471.000000, 9999.000000, 9999.000000, 1137.000000
distance_sensors, DistanceSensor, 10175, 481.000000, 9999.000000, 9999.000000, 1171.000000
distance_sensors, DistanceSensor, 10185, 481.000000, 9999.000000, 9999.000000, 1171.000000
distance_sensors, DistanceSensor, 10195, 481.000000, 9999.000000, 9999.000000, 1171.000000
distance_sensors, DistanceSensor, 10205, 481.000000, 9999.000000, 9999.000000, 1209.000000
distance_sensors, DistanceSensor, 10215, 492.000000, 9999.000000, 9999.000000, 1209.000000
distance_sensors, DistanceSensor, 10225, 492.000000, 9999.000000, 9999.000000, 1209.000000
distance_sensors, DistanceSensor, 10235, 492.000000, 9999.000000, 9999.000000, 1209.000000
distance_sensors, DistanceSensor, 10245, 510.000000, 9999.000000, 9999.000000, 1245.000000
distance_sensors, DistanceSensor, 10255, 510.000000, 9999.000000, 9999.000000, 1245.000000
distance_sensors, DistanceSensor, 10265, 510.000000, 9999.000000, 9999.000000, 1245.000000
distance_sensors, DistanceSensor, 10275, 510.000000, 9999.000000, 9999.000000, 1282.000000
distance_sensors, DistanceSensor, 10285, 514.000000, 9999.000000, 9999.000000, 1282.000000
distance_sensors, DistanceSensor, 10295, 514.000000, 9999.000000, 9999.000000, 1282.000000
distance_sensors, DistanceSensor, 10305, 514.000000, 9999.000000, 9999.000000, 1282.000000
distance_sensors, DistanceSensor, 10315, 533.000000, 9999.000000, 9999.000000, 1327.000000
distance_sensors, DistanceSensor, 10325, 533.000000, 9999.000000, 9999.000000, 1327.000000
distance_sensors, DistanceSensor, 10335, 533.000000, 9999.000000, 9999.000000, 1327.000000
distance_sensors, DistanceSensor, 10345, 533.000000, 9999.000000, 9999.000000, 1367.000000
distance_sensors, DistanceSensor, 10355, 542.000000, 9999.000000, 9999.000000, 1367.000000
distance_sensors, DistanceSensor, 10365, 542.000000, 9999.000000, 9999.000000, 1367.000000
distance_sensors, DistanceSensor, 10375, 542.000000, 9999.000000, 9999.000000, 1367.000000
distance_sensors, DistanceSensor, 10385, 556.000000, 9999.000000, 9999.000000, 1408.000000
distance_sensors, DistanceSensor, 10395, 556.000000, 9999.000000, 9999.000000, 1408.000000
distance_sensors, DistanceSensor, 10405, 556.000000, 9999.000000, 9999.000000, 1408.000000
distance_sensors, DistanceSensor, 10415, 556.000000, 9999.000000, 9999.000000, 1408.000000
distance_sensors, DistanceSensor, 10425, 567.000000, 9999.000000, 9999.000000, 1453.000000
distance_sensors, DistanceSensor, 10435, 567.000000, 9999.000000, 9999.000000, 1453.000000
distance_sensors, DistanceSensor, 10445, 567.000000, 9999.000000, 9999.000000, 1453.000000
distance_sensors, DistanceSensor, 10455, 578.000000, 9999.000000, 9999.000000, 1499.000000
distance_sensors, DistanceSensor, 10465, 578.000000, 9999.000000, 9999.000000, 1499.000000
distance_sensors, DistanceSensor, 10475, 578.000000, 9999.000000, 9999.000000, 1499.000000
distance_sensors, DistanceSensor, 10485, 578.000000, 9999.000000, 9999.000000, 1499.000000
distance_sensors, DistanceSensor, 10495, 593.000000, 9999.000000, 9999.000000, 1541.000000
distance_sensors, DistanceSensor, 10505, 593.000000, 9999.000000, 9999.000000, 1541.000000
distance_sensors, DistanceSensor, 10515, 593.000000, 9999.000000, 9999.000000, 1541.000000
distance_sensors, DistanceSensor, 10525, 604.000000, 9999.000000, 9999.000000, 1580.000000
distance_sensors, DistanceSensor, 10535, 604.000000, 9999.000000, 9999.000000, 1580.000000
distance_sensors, DistanceSensor, 10545, 604.000000, 9999.000000, 9999.000000, 1580.000000
distance_sensors, DistanceSensor, 10555, 604.000000, 9999.000000, 9999.000000, 1580.000000
distance_sensors, DistanceSensor, 10565, 613.000000, 9999.000000, 9999.000000, 1616.000000
distance_sensors, DistanceSensor, 10575, 613.000000, 9999.000000, 9999.000000, 1616.000000
distance_sensors, DistanceSensor, 10585, 613.000000, 9999.000000, 9999.000000, 1616.000000
distance_sensors, DistanceSensor, 10595, 613.000000, 9999.000000, 9999.000000, 1661.000000
distance_sensors, DistanceSensor, 10605, 632.000000, 9999.000000, 9999.000000, 1661.000000
distance_sensors, DistanceSensor, 10615, 632.000000, 9999.000000, 9999.000000, 1661.000000
distance_sensors, DistanceSensor, 10625, 632.000000, 9999.000000, 9999.000000, 1661.000000
distance_sensors, DistanceSensor, 10635, 638.000000, 9999.000000, 9999.000000, 1689.000000
distance_sensors, DistanceSensor, 10645, 638.000000, 9999.000000, 9999.000000, 1689.000000
distance_sensors, DistanceSensor, 10655, 638.000000, 9999.000000, 9999.000000, 1689.000000
distance_sensors, DistanceSensor, 10665, 638.000000, 9999.000000, 9999.000000, 1715.000000
distance_sensors, DistanceSensor, 10675, 645.000000, 9999.000000, 9999.000000, 1715.000000
distance_sensors, DistanceSensor, 10685, 645.000000, 9999.000000, 2080.000000, 1715.000000
distance_sensors, DistanceSensor, 10695, 645.000000, 9999.000000, 2080.000000, 1715.000000
distance_sensors, DistanceSensor, 10705, 650.000000, 9999.000000, 2080.000000, 1742.000000
distance_sensors, DistanceSensor, 10715, 650.000000, 9999.000000, 2080.000000, 1742.000000
distance_sensors, DistanceSensor, 10725, 650.000000, 9999.000000, 9999.000000, 1742.000000
distance_sensors, DistanceSensor, 10735, 650.000000, 9999.000000, 9999.000000, 1756.000000
distance_sensors, DistanceSensor, 10745, 651.000000, 9999.000000, 9999.000000, 1756.000000
distance_sensors, DistanceSensor, 10755, 651.000000, 9999.000000, 9999.000000, 1756.000000
distance_sensors, DistanceSensor, 10765, 651.000000, 9999.000000, 9999.000000, 1756.000000
distance_sensors, DistanceSensor, 10775, 663.000000, 9999.000000, 9999.000000, 1776.000000
distance_sensors, DistanceSensor, 10785, 663.000000, 9999.000000, 9999.000000, 1776.000000
distance_sensors, DistanceSensor, 10795, 663.000000, 9999.000000, 9999.000000, 1776.000000
distance_sensors, DistanceSensor, 10805, 663.000000, 9999.000000, 9999.000000, 1781.000000
distance_sensors, DistanceSensor, 10815, 665.000000, 9999.000000, 9999.000000, 1781.000000
distance_sensors, DistanceSensor, 10825, 665.000000, 9999.000000, 9999.000000, 1781.000000
distance_sensors, DistanceSensor, 10835, 665.000000, 9999.000000, 9999.000000, 1781.000000
distance_sensors, DistanceSensor, 10845, 671.000000, 9999.000000, 9999.000000, 1807.000000
distance_sensors, DistanceSensor, 10855, 671.000000, 9999.000000, 9999.000000, 1807.000000
distance_sensors, DistanceSensor, 10865, 671.000000, 9999.000000, 9999.000000, 1807.000000
distance_sensors, DistanceSensor, 10875, 671.000000, 9999.000000, 9999.000000, 1838.000000
distance_sensors, DistanceSensor, 10885, 692.000000, 9999.000000, 9999.000000, 1838.000000
distance_sensors, DistanceSensor, 10895, 692.000000, 9999.000000, 9999.000000, 1838.000000
distance_sensors, DistanceSensor, 10905, 692.000000, 9999.000000, 9999.000000, 1838.000000
distance_sensors, DistanceSensor, 10915, 724.000000, 9999.000000, 9999.000000, 1886.000000
distance_sensors, DistanceSensor, 10925, 724.000000, 9999.000000, 9999.000000, 1886.000000
distance_sensors, DistanceSensor, 10935, 724.000000, 9999.000000, 9999.000000, 1886.000000
distance_sensors, DistanceSensor, 10945, 724.000000, 9999.000000, 9999.000000, 1886.000000
distance_sensors, DistanceSensor, 10955, 781.000000, 9999.000000, 9999.000000, 1266.000000
distance_sensors, DistanceSensor, 10965, 781.000000, 9999.000000, 9999.000000, 1266.000000
distance_sensors, DistanceSensor, 10975, 781.000000, 9999.000000, 9999.000000, 1266.000000
distance_sensors, DistanceSensor, 10985, 865.000000, 9999.000000, 9999.000000, 1121.000000
distance_sensors, DistanceSensor, 10995, 865.000000, 9999.000000, 9999.000000, 1121.000000
distance_sensors, DistanceSensor, 11005, 865.000000, 9999.000000, 9999.000000, 1121.000000
distance_sensors, DistanceSensor, 11015, 865.000000, 9999.000000, 9999.000000, 1121.000000
distance_sensors, DistanceSensor, 11025, 1042.000000, 9999.000000, 9999.000000, 986.000000
distance_sensors, DistanceSensor, 11035, 1042.000000, 9999.000000, 9999.000000, 986.000000
distance_sensors, DistanceSensor, 11045, 1042.000000, 1938.000000, 9999.000000, 986.000000
distance_sensors, DistanceSensor, 11055, 9999.000000, 1938.000000, 9999.000000, 870.000000
distance_sensors, DistanceSensor, 11065, 9999.000000, 1938.000000, 9999.000000, 870.000000
distance_sensors, DistanceSensor, 11075, 9999.000000, 1938.000000, 392.000000, 870.000000
distance_sensors, DistanceSensor, 11085, 9999.000000, 1776.000000, 392.000000, 870.000000
distance_sensors, DistanceSensor, 11095, 1749.000000, 1776.000000, 392.000000, 800.000000
distance_sensors, DistanceSensor, 11105, 1749.000000, 1776.000000, 408.000000, 800.000000
distance_sensors, DistanceSensor, 11115, 1749.000000, 1737.000000, 408.000000, 800.000000
distance_sensors, DistanceSensor, 11125, 1749.000000, 1737.000000, 408.000000, 749.000000
distance_sensors, DistanceSensor, 11135, 1659.000000, 1737.000000, 408.000000, 749.000000
distance_sensors, DistanceSensor, 11145, 1659.000000, 1737.000000, 9999.000000, 749.000000
distance_sensors, DistanceSensor, 11155, 1659.000000, 1727.000000, 9999.000000, 749.000000
distance_sensors, DistanceSensor, 11165, 1630.000000, 1727.000000, 9999.000000, 725.000000
distance_sensors, DistanceSensor, 11175, 1630.000000, 1727.000000, 9999.000000, 725.000000
distance_sensors, DistanceSensor, 11185, 1630.000000, 1730.000000, 9999.000000, 725.000000
distance_sensors, DistanceSensor, 11195, 1630.000000, 1730.000000, 9999.000000, 718.000000
distance_sensors, DistanceSensor, 11205, 1619.000000, 1730.000000, 9999.000000, 718.000000
distance_sensors, DistanceSensor, 11215, 1619.000000, 1730.000000, 9999.000000, 718.000000
distance_sensors, DistanceSensor, 11225, 1619.000000, 1736.000000, 9999.000000, 718.000000
distance_sensors, DistanceSensor, 11235, 1618.000000, 1736.000000, 9999.000000, 710.000000
distance_sensors, DistanceSensor, 11245, 1618.000000, 1736.000000, 9999.000000, 710.000000
distance_sensors, DistanceSensor, 11255, 1618.000000, 1745.000000, 9999.000000, 710.000000
distance_sensors, DistanceSensor, 11265, 1618.000000, 1745.000000, 9999.000000, 712.000000
distance_sensors, DistanceSensor, 11275, 1618.000000, 1745.000000, 9999.000000, 712.000000
distance_sensors, DistanceSensor, 11285, 1618.000000, 1745.000000, 9999.000000, 712.000000
distance_sensors, DistanceSensor, 11295, 1618.000000, 1746.000000, 9999.000000, 712.000000
distance_sensors, DistanceSensor, 11305, 1618.000000, 1746.000000, 9999.000000, 709.000000
distance_sensors, DistanceSensor, 11315, 1618.000000, 1746.000000, 9999.000000, 709.000000
distance_sensors, DistanceSensor, 11325, 1618.000000, 1746.000000, 9999.000000, 709.000000
distance_sensors, DistanceSensor, 11335, 1618.000000, 1743.000000, 9999.000000, 708.000000
distance_sensors, DistanceSensor, 11345, 1617.000000, 1743.000000, 9999.000000, 708.000000
distance_sensors, DistanceSensor, 11355, 1617.000000, 1743.000000, 9999.000000, 708.000000
distance_sensors, DistanceSensor, 11365, 1617.000000, 1742.000000, 9999.000000, 708.000000
distance_sensors, DistanceSensor, 11375, 1618.000000, 1742.000000, 9999.000000, 710.000000
distance_sensors, DistanceSensor, 11385, 1618.000000, 1742.000000, 9999.000000, 710.000000
distance_sensors, DistanceSensor, 11395, 1618.000000, 1742.000000, 9999.000000, 710.000000
distance_sensors, DistanceSensor, 11405, 1618.000000, 1746.000000, 9999.000000, 710.000000
distance_sensors, DistanceSensor, 11415, 1618.000000, 1746.000000, 9999.000000, 707.000000
distance_sensors, DistanceSensor, 11425, 1618.000000, 1746.000000, 9999.000000, 707.000000
distance_sensors, DistanceSensor, 11435, 1618.000000, 1741.000000, 9999.000000, 707.000000
distance_sensors, DistanceSensor, 11445, 1618.000000, 1741.000000, 9999.000000, 708.000000
distance_sensors, DistanceSensor, 11455, 1618.000000, 1741.000000, 9999.000000, 708.000000
distance_sensors, DistanceSensor, 11465, 1618.000000, 1741.000000, 9999.000000, 708.000000
distance_sensors, DistanceSensor, 11475, 1618.000000, 1739.000000, 9999.000000, 708.000000
distance_sensors, DistanceSensor, 11485, 1622.000000, 1739.000000, 9999.000000, 708.000000
distance_sensors, DistanceSensor, 11495, 1622.000000, 1739.000000, 9999.000000, 708.000000
distance_sensors, DistanceSensor, 11505, 1622.000000, 1736.000000, 9999.000000, 708.000000
distance_sensors, DistanceSensor, 11515, 1619.000000, 1736.000000, 9999.000000, 709.000000
distance_sensors, DistanceSensor, 11525, 1619.000000, 1736.000000, 9999.000000, 709.000000
distance_sensors, DistanceSensor, 11535, 1619.000000, 1736.000000, 9999.000000, 709.000000
distance_sensors, DistanceSensor, 11545, 1619.000000, 1737.000000, 9999.000000, 709.000000
distance_sensors, DistanceSensor, 11555, 1614.000000, 1737.000000, 9999.000000, 706.000000
distance_sensors, DistanceSensor, 11565, 1614.000000, 1737.000000, 9999.000000, 706.000000
distance_sensors, DistanceSensor, 11575, 1614.000000, 1733.000000, 9999.000000, 706.000000
distance_sensors, DistanceSensor, 11585, 1618.000000, 1733.000000, 9999.000000, 696.000000
distance_sensors, DistanceSensor, 11595, 1618.000000, 1733.000000, 9999.000000, 696.000000
distance_sensors, DistanceSensor, 11605, 1618.000000, 1733.000000, 9999.000000, 696.000000
distance_sensors, DistanceSensor, 11615, 1618.000000, 1730.000000, 9999.000000, 696.000000
distance_sensors, DistanceSensor, 11625, 1620.000000, 1730.000000, 9999.000000, 679.000000
distance_sensors, DistanceSensor, 11635, 1620.000000, 1730.000000, 9999.000000, 679.000000
distance_sensors, DistanceSensor, 11645, 1620.000000, 1727.000000, 9999.000000, 679.000000
distance_sensors, DistanceSensor, 11655, 1620.000000, 1727.000000, 9999.000000, 659.000000
distance_sensors, DistanceSensor, 11665, 1620.000000, 1727.000000, 9999.000000, 659.000000
distance_sensors, DistanceSensor, 11675, 1620.000000, 1727.000000, 9999.000000, 659.000000
distance_sensors, DistanceSensor, 11685, 1620.000000, 1722.000000, 9999.000000, 659.000000
distance_sensors, DistanceSensor, 11695, 1625.000000, 1722.000000, 9999.000000, 635.000000
distance_sensors, DistanceSensor, 11705, 1625.000000, 1722.000000, 9999.000000, 635.000000
distance_sensors, DistanceSensor, 11715, 1625.000000, 1720.000000, 9999.000000, 635.000000
distance_sensors, DistanceSensor, 11725, 1625.000000, 1720.000000, 9999.000000, 606.000000
distance_sensors, DistanceSensor, 11735, 1630.000000, 1720.000000, 9999.000000, 606.000000
distance_sensors, DistanceSensor, 11745, 1630.000000, 1720.000000, 9999.000000, 606.000000
distance_sensors, DistanceSensor, 11755, 1630.000000, 1717.000000, 9999.000000, 606.000000
distance_sensors, DistanceSensor, 11765, 1629.000000, 1717.000000, 9999.000000, 575.000000
distance_sensors, DistanceSensor, 11775, 1629.000000, 1717.000000, 9999.000000, 575.000000
distance_sensors, DistanceSensor, 11785, 1629.000000, 1717.000000, 9999.000000, 575.000000
distance_sensors, DistanceSensor, 11795, 1629.000000, 1717.000000, 9999.000000, 540.000000
distance_sensors, DistanceSensor, 11805, 1635.000000, 1717.000000, 9999.000000, 540.000000
distance_sensors, DistanceSensor, 11815, 1635.000000, 1717.000000, 9999.000000, 540.000000
distance_sensors, DistanceSensor, 11825, 1635.000000, 1712.000000, 9999.000000, 540.000000
distance_sensors, DistanceSensor, 11835, 1641.000000, 1712.000000, 9999.000000, 503.000000
distance_sensors, DistanceSensor, 11845, 1641.000000, 1712.000000, 9999.000000, 503.000000
distance_sensors, DistanceSensor, 11855, 1641.000000, 1712.000000, 9999.000000, 503.000000
distance_sensors, DistanceSensor, 11865, 1641.000000, 1707.000000, 9999.000000, 460.000000
distance_sensors, DistanceSensor, 11875, 1646.000000, 1707.000000, 9999.000000, 460.000000
distance_sensors, DistanceSensor, 11885, 1646.000000, 1707.000000, 9999.000000, 460.000000
distance_sensors, DistanceSensor, 11895, 1646.000000, 1701.000000, 9999.000000, 460.000000
distance_sensors, DistanceSensor, 11905, 1653.000000, 1701.000000, 9999.000000, 421.000000
distance_sensors, DistanceSensor, 11915, 1653.000000, 1701.000000, 9999.000000, 421.000000
distance_sensors, DistanceSensor, 11925, 1653.000000, 1701.000000, 9999.000000, 421.000000
distance_sensors, DistanceSensor, 11935, 1653.000000, 1694.000000, 9999.000000, 421.000000
distance_sensors, DistanceSensor, 11945, 1662.000000, 1694.000000, 9999.000000, 379.000000
distance_sensors, DistanceSensor, 11955, 1662.000000, 1694.000000, 9999.000000, 379.000000
distance_sensors, DistanceSensor, 11965, 1662.000000, 1692.000000, 9999.000000, 379.000000
distance_sensors, DistanceSensor, 11975, 1669.000000, 1692.000000, 9999.000000, 336.000000
distance_sensors, DistanceSensor, 11985, 1669.000000, 1692.000000, 9999.000000, 336.000000
distance_sensors, DistanceSensor, 11995, 1669.000000, 1692.000000, 9999.000000, 336.000000
distance_sensors, DistanceSensor, 12005, 1669.000000, 1686.000000, 9999.000000, 293.000000
distance_sensors, DistanceSensor, 12015, 1672.000000, 1686.000000, 9999.000000, 293.000000
distance_sensors, DistanceSensor, 12025, 1672.000000, 1686.000000, 9999.000000, 293.000000
distance_sensors, DistanceSensor, 12035, 1672.000000, 1676.000000, 9999.000000, 293.000000
distance_sensors, DistanceSensor, 12045, 1680.000000, 1676.000000, 9999.000000, 249.000000
distance_sensors, DistanceSensor, 12055, 1680.000000, 1676.000000, 9999.000000, 249.000000
distance_sensors, DistanceSensor, 12065, 1680.000000, 1676.000000, 9999.000000, 249.000000
distance_sensors, DistanceSensor, 12075, 1680.000000, 1673.000000, 9999.000000, 216.000000
distance_sensors, DistanceSensor, 12085, 1680.000000, 1673.000000, 9999.000000, 216.000000
distance_sensors, DistanceSensor, 12095, 1680.000000, 1673.000000, 9999.000000, 216.000000
distance_sensors, DistanceSensor, 12105, 1680.000000, 1662.000000, 9999.000000, 216.000000
distance_sensors, DistanceSensor, 12115, 1668.000000, 1662.000000, 9999.000000, 205.000000
distance_sensors, DistanceSensor, 12125, 1668.000000, 1662.000000, 9999.000000, 205.000000
distance_sensors, DistanceSensor, 12135, 1668.000000, 1662.000000, 9999.000000, 205.000000
distance_sensors, DistanceSensor, 12145, 1668.000000, 1661.000000, 9999.000000, 205.000000
distance_sensors, DistanceSensor, 12155, 1667.000000, 1661.000000, 9999.000000, 190.000000
distance_sensors, DistanceSensor, 12165, 1667.000000, 1661.000000, 9999.000000, 190.000000
distance_sensors, DistanceSensor, 12175, 1667.000000, 1665.000000, 9999.000000, 190.000000
distance_sensors, DistanceSensor, 12185, 1663.000000, 1665.000000, 9999.000000, 187.000000
distance_sensors, DistanceSensor, 12195, 1663.000000, 1665.000000, 9999.000000, 187.000000
distance_sensors, DistanceSensor, 12205, 1663.000000, 1665.000000, 9999.000000, 187.000000
distance_sensors, DistanceSensor, 12215, 1663.000000, 1671.000000, 9999.000000, 187.000000
distance_sensors, DistanceSensor, 12225, 1658.000000, 1671.000000, 9999.000000, 184.000000
distance_sensors, DistanceSensor, 12235, 1658.000000, 1671.000000, 9999.000000, 184.000000
distance_sensors, DistanceSensor, 12245, 1658.000000, 1674.000000, 9999.000000, 184.000000
distance_sensors, DistanceSensor, 12255, 1658.000000, 1674.000000, 9999.000000, 188.000000
distance_sensors, DistanceSensor, 12265, 1662.000000, 1674.000000, 9999.000000, 188.000000
distance_sensors, DistanceSensor, 12275, 1662.000000, 1674.000000, 9999.000000, 188.000000
distance_sensors, DistanceSensor, 12285, 1662.000000, 1676.000000, 9999.000000, 188.000000
distance_sensors, DistanceSensor, 12295, 1658.000000, 1676.000000, 9999.000000, 194.000000
distance_sensors, DistanceSensor, 12305, 1658.000000, 1676.000000, 9999.000000, 194.000000
distance_sensors, DistanceSensor, 12315, 1658.000000, 1674.000000, 9999.000000, 194.000000
distance_sensors, DistanceSensor, 12325, 1658.000000, 1674.000000, 9999.000000, 199.000000
distance_sensors, DistanceSensor, 12335, 1655.000000, 1674.000000, 9999.000000, 199.000000
distance_sensors, DistanceSensor, 12345, 1655.000000, 1674.000000, 9999.000000, 199.000000
distance_sensors, DistanceSensor, 12355, 1655.000000, 1674.000000, 9999.000000, 199.000000
distance_sensors, DistanceSensor, 12365, 1656.000000, 1674.000000, 9999.000000, 203.000000
distance_sensors, DistanceSensor, 12375, 1656.000000, 1674.000000, 9999.000000, 203.000000
distance_sensors, DistanceSensor, 12385, 1656.000000, 1673.000000, 9999.000000, 203.000000
distance_sensors, DistanceSensor, 12395, 1656.000000, 1673.000000, 9999.000000, 205.000000
distance_sensors, DistanceSensor, 12405, 1653.000000, 1673.000000, 9999.000000, 205.000000
distance_sensors, DistanceSensor, 12415, 1653.000000, 1673.000000, 9999.000000, 205.000000
distance_sensors, DistanceSensor, 12425, 1653.000000, 1678.000000, 9999.000000, 205.000000
distance_sensors, DistanceSensor, 12435, 1659.000000, 1678.000000, 9999.000000, 203.000000
distance_sensors, DistanceSensor, 12445, 1659.000000, 1678.000000, 9999.000000, 203.000000
distance_sensors, DistanceSensor, 12455, 1659.000000, 1678.000000, 9999.000000, 203.000000
distance_sensors, DistanceSensor, 12465, 1659.000000, 1673.000000, 9999.000000, 201.000000
distance_sensors, DistanceSensor, 12475, 1663.000000, 1673.000000, 9999.000000, 201.000000
distance_sensors, DistanceSensor, 12485, 1663.000000, 1673.000000, 9999.000000, 201.000000
distance_sensors, DistanceSensor, 12495, 1663.000000, 1670.000000, 9999.000000, 201.000000
distance_sensors, DistanceSensor, 12505, 1660.000000, 1670.000000, 9999.000000, 201.000000
distance_sensors, DistanceSensor, 12515, 1660.000000, 1670.000000, 9999.000000, 201.000000
distance_sensors, DistanceSensor, 12525, 1660.000000, 1670.000000, 9999.000000, 201.000000
distance_sensors, DistanceSensor, 12535, 1660.000000, 1672.000000, 9999.000000, 200.000000
distance_sensors, DistanceSensor, 12545, 1661.000000, 1672.000000, 9999.000000, 200.000000
distance_sensors, DistanceSensor, 12555, 1661.000000, 1672.000000, 9999.000000, 200.000000
distance_sensors, DistanceSensor, 12565, 1661.000000, 1673.000000, 9999.000000, 200.000000
distance_sensors, DistanceSensor, 12575, 1663.000000, 1673.000000, 9999.000000, 197.000000
distance_sensors, DistanceSensor, 12585, 1663.000000, 1673.000000, 9999.000000, 197.000000
distance_sensors, DistanceSensor, 12595, 1663.000000, 1673.000000, 9999.000000, 197.000000
distance_sensors, DistanceSensor, 12605, 1663.000000, 1670.000000, 9999.000000, 197.000000
distance_sensors, DistanceSensor, 12615, 1662.000000, 1670.000000, 9999.000000, 191.000000
distance_sensors, DistanceSensor, 12625, 1662.000000, 1670.000000, 9999.000000, 191.000000
distance_sensors, DistanceSensor, 12635, 1662.000000, 1667.000000, 9999.000000, 191.000000
distance_sensors, DistanceSensor, 12645, 1662.000000, 1667.000000, 9999.000000, 187.000000
distance_sensors, DistanceSensor, 12655, 1662.000000, 1667.000000, 9999.000000, 187.000000
distance_sensors, DistanceSensor, 12665, 1662.000000, 1667.000000, 9999.000000, 187.000000
distance_sensors, DistanceSensor, 12675, 1662.000000, 1676.000000, 9999.000000, 187.000000
distance_sensors, DistanceSensor, 12685, 1664.000000, 1676.000000, 9999.000000, 184.000000
distance_sensors, DistanceSensor, 12695, 1664.000000, 1676.000000, 9999.000000, 184.000000
distance_sensors, DistanceSensor, 12705, 1664.000000, 1670.000000, 9999.000000, 184.000000
distance_sensors, DistanceSensor, 12715, 1662.000000, 1670.000000, 9999.000000, 185.000000
distance_sensors, DistanceSensor, 12725, 1662.000000, 1670.000000, 9999.000000, 185.000000
distance_sensors, DistanceSensor, 12735, 1662.000000, 1670.000000, 9999.000000, 185.000000
distance_sensors, DistanceSensor, 12745, 1662.000000, 1674.000000, 9999.000000, 185.000000
distance_sensors, DistanceSensor, 12755, 1661.000000, 1674.000000, 9999.000000, 185.000000
distance_sensors, DistanceSensor, 12765, 1661.000000, 1674.000000, 9999.000000, 185.000000
distance_sensors, DistanceSensor, 12775, 1661.000000, 1671.000000, 9999.000000, 185.000000
distance_sensors, DistanceSensor, 12785, 1661.000000, 1671.000000, 9999.000000, 186.000000
distance_sensors, DistanceSensor, 12795, 1664.000000, 1671.000000, 9999.000000, 186.000000
distance_sensors, DistanceSensor, 12805, 1664.000000, 1671.000000, 9999.000000, 186.000000
distance_sensors, DistanceSensor, 12815, 1664.000000, 1669.000000, 9999.000000, 186.000000
distance_sensors, DistanceSensor, 12825, 1661.000000, 1669.000000, 9999.000000, 185.000000
distance_sensors, DistanceSensor, 12835, 1661.000000, 1669.000000, 9999.000000, 185.000000
distance_sensors, DistanceSensor, 12845, 1661.000000, 1667.000000, 9999.000000, 185.000000
distance_sensors, DistanceSensor, 12855, 1661.000000, 1667.000000, 9999.000000, 187.000000
distance_sensors, DistanceSensor, 12865, 1660.000000, 1667.000000, 9999.000000, 187.000000
distance_sensors, DistanceSensor, 12875, 1660.000000, 1667.000000, 9999.000000, 187.000000
distance_sensors, DistanceSensor, 12885, 1660.000000, 1670.000000, 9999.000000, 187.000000
distance_sensors, DistanceSensor, 12895, 1662.000000, 1670.000000, 9999.000000, 189.000000
distance_sensors, DistanceSensor, 12905, 1662.000000, 1670.000000, 9999.000000, 189.000000
distance_sensors, DistanceSensor, 12915, 1662.000000, 1670.000000, 9999.000000, 189.000000
distance_sensors, DistanceSensor, 12925, 1662.000000, 1670.000000, 9999.000000, 189.000000
distance_sensors, DistanceSensor, 12935, 1663.000000, 1670.000000, 9999.000000, 189.000000
distance_sensors, DistanceSensor, 12945, 1663.000000, 1670.000000, 9999.000000, 189.000000
distance_sensors, DistanceSensor, 12955, 1663.000000, 1667.000000, 9999.000000, 189.000000
distance_sensors, DistanceSensor, 12965, 1660.000000, 1667.000000, 9999.000000, 190.000000
distance_sensors, DistanceSensor, 12975, 1660.000000, 1667.000000, 9999.000000, 190.000000
distance_sensors, DistanceSensor, 12985, 1660.000000, 1667.000000, 9999.000000, 190.000000
distance_sensors, DistanceSensor, 12995, 1660.000000, 1668.000000, 9999.000000, 194.000000
distance_sensors, DistanceSensor, 13005, 1661.000000, 1668.000000, 9999.000000, 194.000000
distance_sensors, DistanceSensor, 13015, 1661.000000, 1668.000000, 9999.000000, 194.000000
distance_sensors, DistanceSensor, 13025, 1661.000000, 1675.000000, 9999.000000, 194.000000
distance_sensors, DistanceSensor, 13035, 1658.000000, 1675.000000, 9999.000000, 204.000000
distance_sensors, DistanceSensor, 13045, 1658.000000, 1675.000000, 9999.000000, 204.000000
distance_sensors, DistanceSensor, 13055, 1658.000000, 1675.000000, 9999.000000, 204.000000
distance_sensors, DistanceSensor, 13065, 1658.000000, 1672.000000, 9999.000000, 219.000000
distance_sensors, DistanceSensor, 13075, 1658.000000, 1672.000000, 9999.000000, 219.000000
distance_sensors, DistanceSensor, 13085, 1658.000000, 1672.000000, 9999.000000, 219.000000
distance_sensors, DistanceSensor, 13095, 1658.000000, 1670.000000, 9999.000000, 219.000000
distance_sensors, DistanceSensor, 13105, 1658.000000, 1670.000000, 9999.000000, 236.000000
distance_sensors, DistanceSensor, 13115, 1658.000000, 1670.000000, 9999.000000, 236.000000
distance_sensors, DistanceSensor, 13125, 1658.000000, 1670.000000, 9999.000000, 236.000000
distance_sensors, DistanceSensor, 13135, 1658.000000, 1672.000000, 9999.000000, 236.000000
distance_sensors, DistanceSensor, 13145, 1659.000000, 1672.000000, 9999.000000, 257.000000
distance_sensors, DistanceSensor, 13155, 1659.000000, 1672.000000, 9999.000000, 257.000000
distance_sensors, DistanceSensor, 13165, 1659.000000, 1677.000000, 9999.000000, 257.000000
distance_sensors, DistanceSensor, 13175, 1658.000000, 1677.000000, 9999.000000, 283.000000
distance_sensors, DistanceSensor, 13185, 1658.000000, 1677.000000, 9999.000000, 283.000000
distance_sensors, DistanceSensor, 13195, 1658.000000, 1677.000000, 9999.000000, 283.000000
distance_sensors, DistanceSensor, 13205, 1658.000000, 1683.000000, 9999.000000, 283.000000
distance_sensors, DistanceSensor, 13215, 1657.000000, 1683.000000, 9999.000000, 308.000000
distance_sensors, DistanceSensor, 13225, 1657.000000, 1683.000000, 9999.000000, 308.000000
distance_sensors, DistanceSensor, 13235, 1657.000000, 1680.000000, 9999.000000, 308.000000
distance_sensors, DistanceSensor, 13245, 1653.000000, 1680.000000, 9999.000000, 337.000000
distance_sensors, DistanceSensor, 13255, 1653.000000, 1680.000000, 9999.000000, 337.000000
distance_sensors, DistanceSensor, 13265, 1653.000000, 1680.000000, 9999.000000, 337.000000
distance_sensors, DistanceSensor, 13275, 1653.000000, 1686.000000, 9999.000000, 337.000000
distance_sensors, DistanceSensor, 13285, 1655.000000, 1686.000000, 9999.000000, 365.000000
distance_sensors, DistanceSensor, 13295, 1655.000000, 1686.000000, 9999.000000, 365.000000
distance_sensors, DistanceSensor, 13305, 1655.000000, 1682.000000, 9999.000000, 365.000000
distance_sensors, DistanceSensor, 13315, 1655.000000, 1682.000000, 9999.000000, 386.000000
distance_sensors, DistanceSensor, 13325, 1652.000000, 1682.000000, 9999.000000, 386.000000
distance_sensors, DistanceSensor, 13335, 1652.000000, 1682.000000, 9999.000000, 386.000000
distance_sensors, DistanceSensor, 13345, 1652.000000, 1688.000000, 9999.000000, 386.000000
distance_sensors, DistanceSensor, 13355, 1650.000000, 1688.000000, 9999.000000, 405.000000
distance_sensors, DistanceSensor, 13365, 1650.000000, 1688.000000, 9999.000000, 405.000000
distance_sensors, DistanceSensor, 13375, 1650.000000, 1689.000000, 9999.000000, 405.000000
distance_sensors, DistanceSensor, 13385, 1650.000000, 1689.000000, 9999.000000, 405.000000
distance_sensors, DistanceSensor, 13395, 1650.000000, 1689.000000, 9999.000000, 430.000000
distance_sensors, DistanceSensor, 13405, 1650.000000, 1689.000000, 9999.000000, 430.000000
distance_sensors, DistanceSensor, 13415, 1650.000000, 1693.000000, 9999.000000, 430.000000
distance_sensors, DistanceSensor, 13425, 1650.000000, 1693.000000, 9999.000000, 450.000000
distance_sensors, DistanceSensor, 13435, 1650.000000, 1693.000000, 9999.000000, 450.000000
distance_sensors, DistanceSensor, 13445, 1650.000000, 1692.000000, 9999.000000, 450.000000
distance_sensors, DistanceSensor, 13455, 1650.000000, 1692.000000, 9999.000000, 450.000000
distance_sensors, DistanceSensor, 13465, 1651.000000, 1692.000000, 9999.000000, 470.000000
distance_sensors, DistanceSensor, 13475, 1651.000000, 1692.000000, 9999.000000, 470.000000
distance_sensors, DistanceSensor, 13485, 1651.000000, 1692.000000, 9999.000000, 470.000000
distance_sensors, DistanceSensor, 13495, 1649.000000, 1692.000000, 9999.000000, 483.000000
distance_sensors, DistanceSensor, 13505, 1649.000000, 1692.000000, 9999.000000, 483.000000
distance_sensors, DistanceSensor, 13515, 1649.000000, 1692.000000, 9999.000000, 483.000000
distance_sensors, DistanceSensor, 13525, 1649.000000, 1693.000000, 9999.000000, 483.000000
distance_sensors, DistanceSensor, 13535, 1649.000000, 1693.000000, 9999.000000, 491.000000
distance_sensors, DistanceSensor, 13545, 1649.000000, 1693.000000, 9999.000000, 491.000000
distance_sensors, DistanceSensor, 13555, 1649.000000, 1694.000000, 9999.000000, 491.000000
distance_sensors, DistanceSensor, 13565, 1648.000000, 1694.000000, 9999.000000, 504.000000
distance_sensors, DistanceSensor, 13575, 1648.000000, 1694.000000, 9999.000000, 504.000000
distance_sensors, DistanceSensor, 13585, 1648.000000, 1694.000000, 9999.000000, 504.000000
distance_sensors, DistanceSensor, 13595, 1648.000000, 1699.000000, 9999.000000, 504.000000
distance_sensors, DistanceSensor, 13605, 1649.000000, 1699.000000, 9999.000000, 510.000000
distance_sensors, DistanceSensor, 13615, 1649.000000, 1699.000000, 9999.000000, 510.000000
distance_sensors, DistanceSensor, 13625, 1649.000000, 1693.000000, 9999.000000, 510.000000
distance_sensors, DistanceSensor, 13635, 1648.000000, 1693.000000, 9999.000000, 513.000000
distance_sensors, DistanceSensor, 13645, 1648.000000, 1693.000000, 9999.000000, 513.000000
distance_sensors, DistanceSensor, 13655, 1648.000000, 1693.000000, 9999.000000, 513.000000
distance_sensors, DistanceSensor, 13665, 1648.000000, 1695.000000, 9999.000000, 513.000000
distance_sensors, DistanceSensor, 13675, 1644.000000, 1695.000000, 9999.000000, 515.000000
distance_sensors, DistanceSensor, 13685, 1644.000000, 1695.000000, 9999.000000, 515.000000
distance_sensors, DistanceSensor, 13695, 1644.000000, 1696.000000, 9999.000000, 515.000000
distance_sensors, DistanceSensor, 13705, 1648.000000, 1696.000000, 9999.000000, 513.000000
distance_sensors, DistanceSensor, 13715, 1648.000000, 1696.000000, 9999.000000, 513.000000
distance_sensors, DistanceSensor, 13725, 1648.000000, 1696.000000, 9999.000000, 513.000000
distance_sensors, DistanceSensor, 13735, 1648.000000, 1701.000000, 9999.000000, 513.000000
distance_sensors, DistanceSensor, 13745, 1640.000000, 1701.000000, 9999.000000, 511.000000
distance_sensors, DistanceSensor, 13755, 1640.000000, 1701.000000, 9999.000000, 511.000000
distance_sensors, DistanceSensor, 13765, 1640.000000, 1713.000000, 9999.000000, 511.000000
distance_sensors, DistanceSensor, 13775, 1645.000000, 1713.000000, 9999.000000, 499.000000
distance_sensors, DistanceSensor, 13785, 1645.000000, 1713.000000, 9999.000000, 499.000000
distance_sensors, DistanceSensor, 13795, 1645.000000, 1713.000000, 9999.000000, 499.000000
distance_sensors, DistanceSensor, 13805, 1645.000000, 1736.000000, 9999.000000, 499.000000
distance_sensors, DistanceSensor, 13815, 1660.000000, 1736.000000, 9999.000000, 499.000000
distance_sensors, DistanceSensor, 13825, 1660.000000, 1736.000000, 9999.000000, 499.000000
distance_sensors, DistanceSensor, 13835, 1660.000000, 9999.000000, 9999.000000, 499.000000
distance_sensors, DistanceSensor, 13845, 1698.000000, 9999.000000, 9999.000000, 499.000000
distance_sensors, DistanceSensor, 13855, 1698.000000, 9999.000000, 9999.000000, 498.000000
distance_sensors, DistanceSensor, 13865, 1698.000000, 9999.000000, 9999.000000, 498.000000
distance_sensors, DistanceSensor, 13875, 1698.000000, 9999.000000, 9999.000000, 498.000000
distance_sensors, DistanceSensor, 13885, 1806.000000, 9999.000000, 9999.000000, 519.000000
distance_sensors, DistanceSensor, 13895, 1806.000000, 9999.000000, 9999.000000, 519.000000
distance_sensors, DistanceSensor, 13905, 1806.000000, 664.000000, 9999.000000, 519.000000
distance_sensors, DistanceSensor, 13915, 1806.000000, 664.000000, 9999.000000, 519.000000
distance_sensors, DistanceSensor, 13925, 9999.000000, 664.000000, 9999.000000, 568.000000
distance_sensors, DistanceSensor, 13935, 9999.000000, 664.000000, 9999.000000, 568.000000
distance_sensors, DistanceSensor, 13945, 9999.000000, 531.000000, 9999.000000, 568.000000
distance_sensors, DistanceSensor, 13955, 9999.000000, 531.000000, 9999.000000, 664.000000
distance_sensors, DistanceSensor, 13965, 9999.000000, 531.000000, 9999.000000, 664.000000
distance_sensors, DistanceSensor, 13975, 9999.000000, 459.000000, 9999.000000, 664.000000
distance_sensors, DistanceSensor, 13985, 9999.000000, 459.000000, 9999.000000, 664.000000
distance_sensors, DistanceSensor, 13995, 9999.000000, 459.000000, 9999.000000, 804.000000
distance_sensors, DistanceSensor, 14005, 9999.000000, 459.000000, 9999.000000, 804.000000
distance_sensors, DistanceSensor, 14015, 9999.000000, 306.000000, 9999.000000, 804.000000
distance_sensors, DistanceSensor, 14025, 9999.000000, 306.000000, 9999.000000, 9999.000000
distance_sensors, DistanceSensor, 14035, 9999.000000, 306.000000, 1978.000000, 9999.000000
distance_sensors, DistanceSensor, 14045, 9999.000000, 293.000000, 1978.000000, 9999.000000
distance_sensors, DistanceSensor, 14055, 9999.000000, 293.000000, 1978.000000, 9999.000000
distance_sensors, DistanceSensor, 14065, 9999.000000, 293.000000, 1978.000000, 1699.000000
distance_sensors, DistanceSensor, 14075, 9999.000000, 293.000000, 1972.000000, 1699.000000
distance_sensors, DistanceSensor, 14085, 9999.000000, 394.000000, 1972.000000, 1699.000000
distance_sensors, DistanceSensor, 14095, 9999.000000, 394.000000, 1972.000000, 1635.000000
distance_sensors, DistanceSensor, 14105, 9999.000000, 394.000000, 1985.000000, 1635.000000
distance_sensors, DistanceSensor, 14115, 9999.000000, 394.000000, 1985.000000, 1635.000000
distance_sensors, DistanceSensor, 14125, 9999.000000, 399.000000, 1985.000000, 1635.000000
distance_sensors, DistanceSensor, 14135, 9999.000000, 399.000000, 1985.000000, 1589.000000
distance_sensors, DistanceSensor, 14145, 9999.000000, 399.000000, 2032.000000, 1589.000000
distance_sensors, DistanceSensor, 14155, 9999.000000, 406.000000, 2032.000000, 1589.000000
distance_sensors, DistanceSensor, 14165, 9999.000000, 406.000000, 2032.000000, 1554.000000
distance_sensors, DistanceSensor, 14175, 9999.000000, 406.000000, 2089.000000, 1554.000000
distance_sensors, DistanceSensor, 14185, 9999.000000, 406.000000, 2089.000000, 1554.000000
distance_sensors, DistanceSensor, 14195, 9999.000000, 421.000000, 2089.000000, 1554.000000
distance_sensors, DistanceSensor, 14205, 9999.000000, 421.000000, 2089.000000, 1526.000000
distance_sensors, DistanceSensor, 14215, 9999.000000, 421.000000, 9999.000000, 1526.000000
distance_sensors, DistanceSensor, 14225, 9999.000000, 437.000000, 9999.000000, 1526.000000
distance_sensors, DistanceSensor, 14235, 9999.000000, 437.000000, 9999.000000, 1501.000000
distance_sensors, DistanceSensor, 14245, 9999.000000, 437.000000, 9999.000000, 1501.000000
distance_sensors, DistanceSensor, 14255, 9999.000000, 437.000000, 9999.000000, 1501.000000
distance_sensors, DistanceSensor, 14265, 9999.000000, 453.000000, 9999.000000, 1501.000000
distance_sensors, DistanceSensor, 14275, 9999.000000, 453.000000, 9999.000000, 1472.000000
distance_sensors, DistanceSensor, 14285, 9999.000000, 453.000000, 9999.000000, 1472.000000
distance_sensors, DistanceSensor, 14295, 9999.000000, 467.000000, 9999.000000, 1472.000000
distance_sensors, DistanceSensor, 14305, 9999.000000, 467.000000, 9999.000000, 1441.000000
distance_sensors, DistanceSensor, 14315, 9999.000000, 467.000000, 9999.000000, 1441.000000
distance_sensors, DistanceSensor, 14325, 9999.000000, 467.000000, 9999.000000, 1441.000000
distance_sensors, DistanceSensor, 14335, 9999.000000, 479.000000, 9999.000000, 1441.000000
distance_sensors, DistanceSensor, 14345, 9999.000000, 479.000000, 9999.000000, 1407.000000
distance_sensors, DistanceSensor, 14355, 9999.000000, 479.000000, 9999.000000, 1407.000000
distance_sensors, DistanceSensor, 14365, 9999.000000, 492.000000, 9999.000000, 1407.000000
distance_sensors, DistanceSensor, 14375, 9999.000000, 492.000000, 9999.000000, 1407.000000
distance_sensors, DistanceSensor, 14385, 9999.000000, 492.000000, 9999.000000, 1359.000000
distance_sensors, DistanceSensor, 14395, 9999.000000, 492.000000, 9999.000000, 1359.000000
distance_sensors, DistanceSensor, 14405, 9999.000000, 496.000000, 9999.000000, 1359.000000
distance_sensors, DistanceSensor, 14415, 9999.000000, 496.000000, 9999.000000, 1313.000000
distance_sensors, DistanceSensor, 14425, 9999.000000, 496.000000, 9999.000000, 1313.000000
distance_sensors, DistanceSensor, 14435, 9999.000000, 495.000000, 9999.000000, 1313.000000
distance_sensors, DistanceSensor, 14445, 9999.000000, 495.000000, 9999.000000, 1313.000000
distance_sensors, DistanceSensor, 14455, 9999.000000, 495.000000, 9999.000000, 1273.000000
distance_sensors, DistanceSensor, 14465, 9999.000000, 495.000000, 9999.000000, 1273.000000
distance_sensors, DistanceSensor, 14475, 9999.000000, 501.000000, 9999.000000, 1273.000000
distance_sensors, DistanceSensor, 14485, 9999.000000, 501.000000, 9999.000000, 1228.000000
distance_sensors, DistanceSensor, 14495, 9999.000000, 501.000000, 9999.000000, 1228.000000
distance_sensors, DistanceSensor, 14505, 9999.000000, 495.000000, 9999.000000, 1228.000000
distance_sensors, DistanceSensor, 14515, 9999.000000, 495.000000, 9999.000000, 1228.000000
distance_sensors, DistanceSensor, 14525, 9999.000000, 495.000000, 9999.000000, 1184.000000
distance_sensors, DistanceSensor, 14535, 9999.000000, 495.000000, 9999.000000, 1184.000000
distance_sensors, DistanceSensor, 14545, 9999.000000, 494.000000, 9999.000000, 1184.000000
distance_sensors, DistanceSensor, 14555, 9999.000000, 494.000000, 9999.000000, 1144.000000
distance_sensors, DistanceSensor, 14565, 9999.000000, 494.000000, 9999.000000, 1144.000000
distance_sensors, DistanceSensor, 14575, 9999.000000, 494.000000, 9999.000000, 1144.000000
distance_sensors, DistanceSensor, 14585, 9999.000000, 495.000000, 9999.000000, 1144.000000
distance_sensors, DistanceSensor, 14595, 9999.000000, 495.000000, 9999.000000, 1103.000000
distance_sensors, DistanceSensor, 14605, 9999.000000, 495.000000, 9999.000000, 1103.000000
distance_sensors, DistanceSensor, 14615, 9999.000000, 492.000000, 9999.000000, 1103.000000
distance_sensors, DistanceSensor, 14625, 9999.000000, 492.000000, 9999.000000, 1060.000000
distance_sensors, DistanceSensor, 14635, 9999.000000, 492.000000, 9999.000000, 1060.000000
distance_sensors, DistanceSensor, 14645, 9999.000000, 492.000000, 9999.000000, 1060.000000
distance_sensors, DistanceSensor, 14655, 9999.000000, 490.000000, 9999.000000, 1060.000000
distance_sensors, DistanceSensor, 14665, 9999.000000, 490.000000, 9999.000000, 1018.000000
distance_sensors, DistanceSensor, 14675, 9999.000000, 490.000000, 2602.000000, 1018.000000
distance_sensors, DistanceSensor, 14685, 9999.000000, 489.000000, 2602.000000, 1018.000000
distance_sensors, DistanceSensor, 14695, 9999.000000, 489.000000, 2602.000000, 975.000000
distance_sensors, DistanceSensor, 14705, 9999.000000, 489.000000, 9999.000000, 975.000000
distance_sensors, DistanceSensor, 14715, 9999.000000, 489.000000, 9999.000000, 975.000000
distance_sensors, DistanceSensor, 14725, 9999.000000, 492.000000, 9999.000000, 975.000000
distance_sensors, DistanceSensor, 14735, 9999.000000, 492.000000, 9999.000000, 936.000000
distance_sensors, DistanceSensor, 14745, 9999.000000, 492.000000, 9999.000000, 936.000000
distance_sensors, DistanceSensor, 14755, 9999.000000, 483.000000, 9999.000000, 936.000000
distance_sensors, DistanceSensor, 14765, 9999.000000, 483.000000, 9999.000000, 895.000000
distance_sensors, DistanceSensor, 14775, 9999.000000, 483.000000, 9999.000000, 895.000000
distance_sensors, DistanceSensor, 14785, 9999.000000, 483.000000, 9999.000000, 895.000000
distance_sensors, DistanceSensor, 14795, 9999.000000, 479.000000, 9999.000000, 895.000000
distance_sensors, DistanceSensor, 14805, 9999.000000, 479.000000, 9999.000000, 858.000000
distance_sensors, DistanceSensor, 14815, 9999.000000, 479.000000, 9999.000000, 858.000000
distance_sensors, DistanceSensor, 14825, 9999.000000, 474.000000, 9999.000000, 858.000000
distance_sensors, DistanceSensor, 14835, 9999.000000, 474.000000, 9999.000000, 822.000000
distance_sensors, DistanceSensor, 14845, 9999.000000, 474.000000, 9999.000000, 822.000000
distance_sensors, DistanceSensor, 14855, 9999.000000, 474.000000, 9999.000000, 822.000000
distance_sensors, DistanceSensor, 14865, 9999.000000, 477.000000, 9999.000000, 822.000000
distance_sensors, DistanceSensor, 14875, 9999.000000, 477.000000, 9999.000000, 790.000000
distance_sensors, DistanceSensor, 14885, 9999.000000, 477.000000, 9999.000000, 790.000000
distance_sensors, DistanceSensor, 14895, 9999.000000, 475.000000, 9999.000000, 790.000000
distance_sensors, DistanceSensor, 14905, 9999.000000, 475.000000, 9999.000000, 790.000000
distance_sensors, DistanceSensor, 14915, 9999.000000, 475.000000, 9999.000000, 756.000000
distance_sensors, DistanceSensor, 14925, 9999.000000, 475.000000, 9999.000000, 756.000000
distance_sensors, DistanceSensor, 14935, 9999.000000, 476.000000, 9999.000000, 756.000000
distance_sensors, DistanceSensor, 14945, 9999.000000, 476.000000, 9999.000000, 724.000000
distance_sensors, DistanceSensor, 14955, 9999.000000, 476.000000, 9999.000000, 724.000000
distance_sensors, DistanceSensor, 14965, 9999.000000, 473.000000, 9999.000000, 724.000000
distance_sensors, DistanceSensor, 14975, 9999.000000, 473.000000, 9999.000000, 724.000000
distance_sensors, DistanceSensor, 14985, 9999.000000, 473.000000, 9999.000000, 693.000000
distance_sensors, DistanceSensor, 14995, 9999.000000, 473.000000, 9999.000000, 693.000000
distance_sensors, DistanceSensor, 15005, 9999.000000, 474.000000, 9999.000000, 693.000000
distance_sensors, DistanceSensor, 15015, 9999.000000, 474.000000, 9999.000000, 666.000000
distance_sensors, DistanceSensor, 15025, 9999.000000, 474.000000, 9999.000000, 666.000000
distance_sensors, DistanceSensor, 15035, 9999.000000, 477.000000, 9999.000000, 666.000000
distance_sensors, DistanceSensor, 15045, 9999.000000, 477.000000, 9999.000000, 666.000000
distance_sensors, DistanceSensor, 15055, 9999.000000, 477.000000, 9999.000000, 636.000000
distance_sensors, DistanceSensor, 15065, 9999.000000, 477.000000, 9999.000000, 636.000000
distance_sensors, DistanceSensor, 15075, 9999.000000, 474.000000, 9999.000000, 636.000000
distance_sensors, DistanceSensor, 15085, 9999.000000, 474.000000, 9999.000000, 609.000000
distance_sensors, DistanceSensor, 15095, 9999.000000, 474.000000, 9999.000000, 609.000000
distance_sensors, DistanceSensor, 15105, 9999.000000, 474.000000, 9999.000000, 609.000000
distance_sensors, DistanceSensor, 15115, 9999.000000, 476.000000, 9999.000000, 609.000000
distance_sensors, DistanceSensor, 15125, 9999.000000, 476.000000, 9999.000000, 583.000000
distance_sensors, DistanceSensor, 15135, 9999.000000, 476.000000, 9999.000000, 583.000000
distance_sensors, DistanceSensor, 15145, 9999.000000, 476.000000, 9999.000000, 583.000000
distance_sensors, DistanceSensor, 15155, 9999.000000, 476.000000, 9999.000000, 557.000000
distance_sensors, DistanceSensor, 15165, 9999.000000, 476.000000, 9999.000000, 557.000000
distance_sensors, DistanceSensor, 15175, 9999.000000, 476.000000, 9999.000000, 557.000000
distance_sensors, DistanceSensor, 15185, 9999.000000, 475.000000, 9999.000000, 557.000000
distance_sensors, DistanceSensor, 15195, 9999.000000, 475.000000, 9999.000000, 527.000000
distance_sensors, DistanceSensor, 15205, 9999.000000, 475.000000, 9999.000000, 527.000000
distance_sensors, DistanceSensor, 15215, 9999.000000, 478.000000, 9999.000000, 527.000000
distance_sensors, DistanceSensor, 15225, 9999.000000, 478.000000, 9999.000000, 500.000000
distance_sensors, DistanceSensor, 15235, 9999.000000, 478.000000, 9999.000000, 500.000000
distance_sensors, DistanceSensor, 15245, 9999.000000, 478.000000, 9999.000000, 500.000000
distance_sensors, DistanceSensor, 15255, 9999.000000, 482.000000, 9999.000000, 500.000000
distance_sensors, DistanceSensor, 15265, 9999.000000, 482.000000, 9999.000000, 472.000000
distance_sensors, DistanceSensor, 15275, 9999.000000, 482.000000, 9999.000000, 472.000000
distance_sensors, DistanceSensor, 15285, 9999.000000, 479.000000, 9999.000000, 472.000000
distance_sensors, DistanceSensor, 15295, 9999.000000, 479.000000, 9999.000000, 444.000000
distance_sensors, DistanceSensor, 15305, 9999.000000, 479.000000, 9999.000000, 444.000000
distance_sensors, DistanceSensor, 15315, 9999.000000, 479.000000, 9999.000000, 444.000000
distance_sensors, DistanceSensor, 15325, 9999.000000, 483.000000, 9999.000000, 444.000000
distance_sensors, DistanceSensor, 15335, 9999.000000, 483.000000, 9999.000000, 417.000000
distance_sensors, DistanceSensor, 15345, 9999.000000, 483.000000, 9999.000000, 417.000000
distance_sensors, DistanceSensor, 15355, 9999.000000, 484.000000, 9999.000000, 417.000000
distance_sensors, DistanceSensor, 15365, 9999.000000, 484.000000, 9999.000000, 417.000000
distance_sensors, DistanceSensor, 15375, 9999.000000, 484.000000, 9999.000000, 389.000000
distance_sensors, DistanceSensor, 15385, 9999.000000, 484.000000, 9999.000000, 389.000000
distance_sensors, DistanceSensor, 15395, 9999.000000, 486.000000, 9999.000000, 389.000000
distance_sensors, DistanceSensor, 15405, 9999.000000, 486.000000, 9999.000000, 358.000000
distance_sensors, DistanceSensor, 15415, 9999.000000, 486.000000, 9999.000000, 358.000000
distance_sensors, DistanceSensor, 15425, 9999.000000, 485.000000, 9999.000000, 358.000000
distance_sensors, DistanceSensor, 15435, 9999.000000, 485.000000, 9999.000000, 333.000000
distance_sensors, DistanceSensor, 15445, 9999.000000, 485.000000, 9999.000000, 333.000000
distance_sensors, DistanceSensor, 15455, 9999.000000, 485.000000, 9999.000000, 333.000000
distance_sensors, DistanceSensor, 15465, 9999.000000, 488.000000, 9999.000000, 333.000000
distance_sensors, DistanceSensor, 15475, 9999.000000, 488.000000, 9999.000000, 303.000000
distance_sensors, DistanceSensor, 15485, 9999.000000, 488.000000, 9999.000000, 303.000000
distance_sensors, DistanceSensor, 15495, 9999.000000, 488.000000, 9999.000000, 303.000000
distance_sensors, DistanceSensor, 15505, 9999.000000, 488.000000, 9999.000000, 275.000000
distance_sensors, DistanceSensor, 15515, 9999.000000, 488.000000, 9999.000000, 275.000000
distance_sensors, DistanceSensor, 15525, 9999.000000, 488.000000, 9999.000000, 275.000000
distance_sensors, DistanceSensor, 15535, 9999.000000, 485.000000, 9999.000000, 275.000000
distance_sensors, DistanceSensor, 15545, 9999.000000, 485.000000, 9999.000000, 246.000000
distance_sensors, DistanceSensor, 15555, 9999.000000, 485.000000, 9999.000000, 246.000000
distance_sensors, DistanceSensor, 15565, 9999.000000, 486.000000, 9999.000000, 246.000000
distance_sensors, DistanceSensor, 15575, 9999.000000, 486.000000, 9999.000000, 222.000000
distance_sensors, DistanceSensor, 15585, 9999.000000, 486.000000, 9999.000000, 222.000000
distance_sensors, DistanceSensor, 15595, 9999.000000, 486.000000, 9999.000000, 222.000000
distance_sensors, DistanceSensor, 15605, 9999.000000, 486.000000, 9999.000000, 222.000000
distance_sensors, DistanceSensor, 15615, 9999.000000, 486.000000, 9999.000000, 206.000000
distance_sensors, DistanceSensor, 15625, 9999.000000, 486.000000, 9999.000000, 206.000000
distance_sensors, DistanceSensor, 15635, 9999.000000, 486.000000, 9999.000000, 206.000000
distance_sensors, DistanceSensor, 15645, 9999.000000, 488.000000, 9999.000000, 206.000000
distance_sensors, DistanceSensor, 15655, 9999.000000, 488.000000, 9999.000000, 192.000000
distance_sensors, DistanceSensor, 15665, 9999.000000, 488.000000, 9999.000000, 192.000000
distance_sensors, DistanceSensor, 15675, 9999.000000, 491.000000, 9999.000000, 192.000000
distance_sensors, DistanceSensor, 15685, 9999.000000, 491.000000, 9999.000000, 181.000000
distance_sensors, DistanceSensor, 15695, 9999.000000, 491.000000, 9999.000000, 181.000000
distance_sensors, DistanceSensor, 15705, 9999.000000, 491.000000, 9999.000000, 181.000000
distance_sensors, DistanceSensor, 15715, 9999.000000, 488.000000, 9999.000000, 181.000000
distance_sensors, DistanceSensor, 15725, 9999.000000, 488.000000, 9999.000000, 171.000000
distance_sensors, DistanceSensor, 15735, 9999.000000, 488.000000, 9999.000000, 171.000000
distance_sensors, DistanceSensor, 15745, 9999.000000, 490.000000, 9999.000000, 171.000000
distance_sensors, DistanceSensor, 15755, 9999.000000, 490.000000, 9999.000000, 163.000000
distance_sensors, DistanceSensor, 15765, 9999.000000, 490.000000, 9999.000000, 163.000000
distance_sensors, DistanceSensor, 15775, 9999.000000, 490.000000, 9999.000000, 163.000000
distance_sensors, DistanceSensor, 15785, 9999.000000, 490.000000, 9999.000000, 163.000000
distance_sensors, DistanceSensor, 15795, 9999.000000, 490.000000, 9999.000000, 152.000000
distance_sensors, DistanceSensor, 15805, 9999.000000, 490.000000, 9999.000000, 152.000000
distance_sensors, DistanceSensor, 15815, 9999.000000, 491.000000, 9999.000000, 152.000000
distance_sensors, DistanceSensor, 15825, 9999.000000, 491.000000, 9999.000000, 146.000000
distance_sensors, DistanceSensor, 15835, 9999.000000, 491.000000, 9999.000000, 146.000000
distance_sensors, DistanceSensor, 15845, 9999.000000, 491.000000, 9999.000000, 146.000000
distance_sensors, DistanceSensor, 15855, 9999.000000, 485.000000, 9999.000000, 146.000000
distance_sensors, DistanceSensor, 15865, 9999.000000, 485.000000, 9999.000000, 140.000000
distance_sensors, DistanceSensor, 15875, 9999.000000, 485.000000, 9999.000000, 140.000000
distance_sensors, DistanceSensor, 15885, 9999.000000, 488.000000, 9999.000000, 140.000000
distance_sensors, DistanceSensor, 15895, 988.000000, 488.000000, 9999.000000, 140.000000
distance_sensors, DistanceSensor, 15905, 988.000000, 488.000000, 9999.000000, 140.000000
distance_sensors, DistanceSensor, 15915, 988.000000, 488.000000, 9999.000000, 140.000000
distance_sensors, DistanceSensor, 15925, 988.000000, 490.000000, 9999.000000, 140.000000
distance_sensors, DistanceSensor, 15935, 1001.000000, 490.000000, 9999.000000, 141.000000
distance_sensors, DistanceSensor, 15945, 1001.000000, 490.000000, 9999.000000, 141.000000
distance_sensors, DistanceSensor, 15955, 1001.000000, 486.000000, 9999.000000, 141.000000
distance_sensors, DistanceSensor, 15965, 978.000000, 486.000000, 9999.000000, 141.000000
distance_sensors, DistanceSensor, 15975, 978.000000, 486.000000, 9999.000000, 144.000000
distance_sensors, DistanceSensor, 15985, 978.000000, 486.000000, 9999.000000, 144.000000
distance_sensors, DistanceSensor, 15995, 978.000000, 486.000000, 9999.000000, 144.000000
distance_sensors, DistanceSensor, 16005, 982.000000, 486.000000, 9999.000000, 146.000000
distance_sensors, DistanceSensor, 16015, 982.000000, 486.000000, 9999.000000, 146.000000
distance_sensors, DistanceSensor, 16025, 982.000000, 477.000000, 9999.000000, 146.000000
distance_sensors, DistanceSensor, 16035, 989.000000, 477.000000, 9999.000000, 152.000000
distance_sensors, DistanceSensor, 16045, 989.000000, 477.000000, 9999.000000, 152.000000
distance_sensors, DistanceSensor, 16055, 989.000000, 477.000000, 9999.000000, 152.000000
distance_sensors, DistanceSensor, 16065, 989.000000, 469.000000, 9999.000000, 152.000000
distance_sensors, DistanceSensor, 16075, 1036.000000, 469.000000, 9999.000000, 166.000000
distance_sensors, DistanceSensor, 16085, 1036.000000, 469.000000, 9999.000000, 166.000000
distance_sensors, DistanceSensor, 16095, 1036.000000, 470.000000, 9999.000000, 166.000000
distance_sensors, DistanceSensor, 16105, 1036.000000, 470.000000, 9999.000000, 166.000000
distance_sensors, DistanceSensor, 16115, 395.000000, 470.000000, 9999.000000, 187.000000
distance_sensors, DistanceSensor, 16125, 395.000000, 470.000000, 9999.000000, 187.000000
distance_sensors, DistanceSensor, 16135, 395.000000, 475.000000, 9999.000000, 187.000000
distance_sensors, DistanceSensor, 16145, 303.000000, 475.000000, 9999.000000, 212.000000
distance_sensors, DistanceSensor, 16155, 303.000000, 475.000000, 9999.000000, 212.000000
distance_sensors, DistanceSensor, 16165, 303.000000, 475.000000, 9999.000000, 212.000000
distance_sensors, DistanceSensor, 16175, 221.000000, 483.000000, 9999.000000, 212.000000
distance_sensors, DistanceSensor, 16185, 221.000000, 483.000000, 9999.000000, 263.000000
distance_sensors, DistanceSensor, 16195, 221.000000, 483.000000, 9999.000000, 263.000000
distance_sensors, DistanceSensor, 16205, 221.000000, 518.000000, 9999.000000, 263.000000
distance_sensors, DistanceSensor, 16215, 164.000000, 518.000000, 9999.000000, 321.000000
distance_sensors, DistanceSensor, 16225, 164.000000, 518.000000, 9999.000000, 321.000000
distance_sensors, DistanceSensor, 16235, 164.000000, 518.000000, 9999.000000, 321.000000
distance_sensors, DistanceSensor, 16245, 140.000000, 571.000000, 9999.000000, 321.000000
distance_sensors, DistanceSensor, 16255, 140.000000, 571.000000, 9999.000000, 407.000000
distance_sensors, DistanceSensor, 16265, 140.000000, 571.000000, 9999.000000, 407.000000
distance_sensors, DistanceSensor, 16275, 140.000000, 677.000000, 9999.000000, 407.000000
distance_sensors, DistanceSensor, 16285, 106.000000, 677.000000, 9999.000000, 568.000000
distance_sensors, DistanceSensor, 16295, 106.000000, 677.000000, 9999.000000, 568.000000
distance_sensors, DistanceSensor, 16305, 106.000000, 677.000000, 9999.000000, 568.000000
distance_sensors, DistanceSensor, 16315, 106.000000, 910.000000, 9999.000000, 568.000000
distance_sensors, DistanceSensor, 16325, 103.000000, 910.000000, 9999.000000, 536.000000
distance_sensors, DistanceSensor, 16335, 103.000000, 910.000000, 9999.000000, 536.000000
distance_sensors, DistanceSensor, 16345, 103.000000, 9999.000000, 9999.000000, 536.000000
distance_sensors, DistanceSensor, 16355, 109.000000, 9999.000000, 9999.000000, 536.000000
distance_sensors, DistanceSensor, 16365, 109.000000, 9999.000000, 9999.000000, 518.000000
distance_sensors, DistanceSensor, 16375, 109.000000, 9999.000000, 9999.000000, 518.000000
distance_sensors, DistanceSensor, 16385, 109.000000, 9999.000000, 9999.000000, 518.000000
distance_sensors, DistanceSensor, 16395, 124.000000, 9999.000000, 9999.000000, 526.000000
distance_sensors, DistanceSensor, 16405, 124.000000, 9999.000000, 9999.000000, 526.000000
distance_sensors, DistanceSensor, 16415, 124.000000, 9999.000000, 9999.000000, 526.000000
distance_sensors, DistanceSensor, 16425, 154.000000, 9999.000000, 9999.000000, 526.000000
distance_sensors, DistanceSensor, 16435, 154.000000, 9999.000000, 9999.000000, 574.000000
distance_sensors, DistanceSensor, 16445, 154.000000, 9999.000000, 9999.000000, 574.000000
distance_sensors, DistanceSensor, 16455, 154.000000, 9999.000000, 9999.000000, 574.000000
distance_sensors, DistanceSensor, 16465, 205.000000, 9999.000000, 9999.000000, 649.000000
distance_sensors, DistanceSensor, 16475, 205.000000, 9999.000000, 9999.000000, 649.000000
distance_sensors, DistanceSensor, 16485, 205.000000, 9999.000000, 9999.000000, 649.000000
distance_sensors, DistanceSensor, 16495, 311.000000, 9999.000000, 9999.000000, 649.000000
distance_sensors, DistanceSensor, 16505, 311.000000, 9999.000000, 734.000000, 773.000000
distance_sensors, DistanceSensor, 16515, 311.000000, 9999.000000, 734.000000, 773.000000
distance_sensors, DistanceSensor, 16525, 311.000000, 9999.000000, 734.000000, 773.000000
distance_sensors, DistanceSensor, 16535, 415.000000, 9999.000000, 734.000000, 927.000000
distance_sensors, DistanceSensor, 16545, 415.000000, 9999.000000, 617.000000, 927.000000
distance_sensors, DistanceSensor, 16555, 415.000000, 9999.000000, 617.000000, 927.000000
distance_sensors, DistanceSensor, 16565, 524.000000, 9999.000000, 617.000000, 927.000000
distance_sensors, DistanceSensor, 16575, 524.000000, 9999.000000, 579.000000, 1044.000000
distance_sensors, DistanceSensor, 16585, 524.000000, 9999.000000, 579.000000, 1044.000000
distance_sensors, DistanceSensor, 16595, 524.000000, 9999.000000, 579.000000, 1044.000000
distance_sensors, DistanceSensor, 16605, 530.000000, 9999.000000, 579.000000, 1100.000000
distance_sensors, DistanceSensor, 16615, 530.000000, 9999.000000, 574.000000, 1100.000000
distance_sensors, DistanceSensor, 16625, 530.000000, 9999.000000, 574.000000, 1100.000000
distance_sensors, DistanceSensor, 16635, 530.000000, 9999.000000, 574.000000, 1100.000000
distance_sensors, DistanceSensor, 16645, 525.000000, 9999.000000, 568.000000, 1143.000000
distance_sensors, DistanceSensor, 16655, 525.000000, 9999.000000, 568.000000, 1143.000000
distance_sensors, DistanceSensor, 16665, 525.000000, 9999.000000, 568.000000, 1143.000000
distance_sensors, DistanceSensor, 16675, 512.000000, 9999.000000, 568.000000, 1137.000000
distance_sensors, DistanceSensor, 16685, 512.000000, 9999.000000, 582.000000, 1137.000000
distance_sensors, DistanceSensor, 16695, 512.000000, 9999.000000, 582.000000, 1137.000000
distance_sensors, DistanceSensor, 16705, 512.000000, 9999.000000, 582.000000, 1137.000000
distance_sensors, DistanceSensor, 16715, 503.000000, 9999.000000, 600.000000, 9999.000000
distance_sensors, DistanceSensor, 16725, 503.000000, 9999.000000, 600.000000, 9999.000000
distance_sensors, DistanceSensor, 16735, 503.000000, 9999.000000, 600.000000, 9999.000000
distance_sensors, DistanceSensor, 16745, 494.000000, 9999.000000, 600.000000, 1093.000000
distance_sensors, DistanceSensor, 16755, 494.000000, 9999.000000, 624.000000, 1093.000000
distance_sensors, DistanceSensor, 16765, 494.000000, 9999.000000, 624.000000, 1093.000000
distance_sensors, DistanceSensor, 16775, 494.000000, 9999.000000, 624.000000, 1093.000000
distance_sensors, DistanceSensor, 16785, 502.000000, 9999.000000, 650.000000, 1029.000000
distance_sensors, DistanceSensor, 16795, 502.000000, 9999.000000, 650.000000, 1029.000000
distance_sensors, DistanceSensor, 16805, 502.000000, 9999.000000, 650.000000, 1029.000000
distance_sensors, DistanceSensor, 16815, 520.000000, 9999.000000, 650.000000, 950.000000
distance_sensors, DistanceSensor, 16825, 520.000000, 9999.000000, 678.000000, 950.000000
distance_sensors, DistanceSensor, 16835, 520.000000, 9999.000000, 678.000000, 950.000000
distance_sensors, DistanceSensor, 16845, 520.000000, 9999.000000, 678.000000, 950.000000
distance_sensors, DistanceSensor, 16855, 527.000000, 9999.000000, 709.000000, 916.000000
distance_sensors, DistanceSensor, 16865, 527.000000, 9999.000000, 709.000000, 916.000000
distance_sensors, DistanceSensor, 16875, 527.000000, 9999.000000, 709.000000, 916.000000
distance_sensors, DistanceSensor, 16885, 526.000000, 9999.000000, 709.000000, 916.000000
distance_sensors, DistanceSensor, 16895, 526.000000, 9999.000000, 741.000000, 894.000000
distance_sensors, DistanceSensor, 16905, 526.000000, 9999.000000, 741.000000, 894.000000
distance_sensors, DistanceSensor, 16915, 526.000000, 9999.000000, 741.000000, 894.000000
distance_sensors, DistanceSensor, 16925, 523.000000, 9999.000000, 758.000000, 857.000000
distance_sensors, DistanceSensor, 16935, 523.000000, 9999.000000, 758.000000, 857.000000
distance_sensors, DistanceSensor, 16945, 523.000000, 9999.000000, 758.000000, 857.000000
distance_sensors, DistanceSensor, 16955, 510.000000, 9999.000000, 758.000000, 857.000000
distance_sensors, DistanceSensor, 16965, 510.000000, 9999.000000, 798.000000, 803.000000
distance_sensors, DistanceSensor, 16975, 510.000000, 9999.000000, 798.000000, 803.000000
distance_sensors, DistanceSensor, 16985, 510.000000, 9999.000000, 798.000000, 803.000000
distance_sensors, DistanceSensor, 16995, 508.000000, 9999.000000, 853.000000, 758.000000
distance_sensors, DistanceSensor, 17005, 508.000000, 9999.000000, 853.000000, 758.000000
distance_sensors, DistanceSensor, 17015, 508.000000, 9999.000000, 853.000000, 758.000000
distance_sensors, DistanceSensor, 17025, 508.000000, 9999.000000, 853.000000, 758.000000
distance_sensors, DistanceSensor, 17035, 508.000000, 9999.000000, 887.000000, 711.000000
distance_sensors, DistanceSensor, 17045, 508.000000, 9999.000000, 887.000000, 711.000000
distance_sensors, DistanceSensor, 17055, 508.000000, 9999.000000, 887.000000, 711.000000
distance_sensors, DistanceSensor, 17065, 505.000000, 9999.000000, 944.000000, 667.000000
distance_sensors, DistanceSensor, 17075, 505.000000, 9999.000000, 944.000000, 667.000000
distance_sensors, DistanceSensor, 17085, 505.000000, 9999.000000, 944.000000, 667.000000
distance_sensors, DistanceSensor, 17095, 504.000000, 9999.000000, 944.000000, 667.000000
distance_sensors, DistanceSensor, 17105, 504.000000, 9999.000000, 1018.000000, 624.000000
distance_sensors, DistanceSensor, 17115, 504.000000, 9999.000000, 1018.000000, 624.000000
distance_sensors, DistanceSensor, 17125, 504.000000, 9999.000000, 1018.000000, 624.000000
distance_sensors, DistanceSensor, 17135, 505.000000, 9999.000000, 9999.000000, 586.000000
distance_sensors, DistanceSensor, 17145, 505.000000, 9999.000000, 9999.000000, 586.000000
distance_sensors, DistanceSensor, 17155, 505.000000, 9999.000000, 9999.000000, 586.000000
distance_sensors, DistanceSensor, 17165, 505.000000, 9999.000000, 9999.000000, 586.000000
distance_sensors, DistanceSensor, 17175, 438.000000, 9999.000000, 9999.000000, 544.000000
distance_sensors, DistanceSensor, 17185, 438.000000, 9999.000000, 9999.000000, 544.000000
distance_sensors, DistanceSensor, 17195, 438.000000, 9999.000000, 9999.000000, 544.000000
distance_sensors, DistanceSensor, 17205, 392.000000, 9999.000000, 9999.000000, 506.000000
distance_sensors, DistanceSensor, 17215, 392.000000, 9999.000000, 9999.000000, 506.000000
distance_sensors, DistanceSensor, 17225, 392.000000, 9999.000000, 9999.000000, 506.000000
distance_sensors, DistanceSensor, 17235, 392.000000, 9999.000000, 9999.000000, 506.000000
distance_sensors, DistanceSensor, 17245, 352.000000, 9999.000000, 9999.000000, 462.000000
distance_sensors, DistanceSensor, 17255, 352.000000, 9999.000000, 9999.000000, 462.000000
distance_sensors, DistanceSensor, 17265, 352.000000, 9999.000000, 9999.000000, 462.000000
distance_sensors, DistanceSensor, 17275, 296.000000, 9999.000000, 9999.000000, 420.000000
distance_sensors, DistanceSensor, 17285, 296.000000, 9999.000000, 9999.000000, 420.000000
distance_sensors, DistanceSensor, 17295, 296.000000, 9999.000000, 9999.000000, 420.000000
distance_sensors, DistanceSensor, 17305, 264.000000, 9999.000000, 9999.000000, 420.000000
distance_sensors, DistanceSensor, 17315, 264.000000, 9999.000000, 9999.000000, 382.000000
distance_sensors, DistanceSensor, 17325, 264.000000, 9999.000000, 9999.000000, 382.000000
distance_sensors, DistanceSensor, 17335, 264.000000, 9999.000000, 9999.000000, 382.000000
distance_sensors, DistanceSensor, 17345, 200.000000, 9999.000000, 9999.000000, 342.000000
distance_sensors, DistanceSensor, 17355, 200.000000, 9999.000000, 9999.000000, 342.000000
distance_sensors, DistanceSensor, 17365, 200.000000, 9999.000000, 9999.000000, 342.000000
distance_sensors, DistanceSensor, 17375, 200.000000, 9999.000000, 9999.000000, 342.000000
distance_sensors, DistanceSensor, 17385, 155.000000, 9999.000000, 9999.000000, 313.000000
distance_sensors, DistanceSensor, 17395, 155.000000, 9999.000000, 9999.000000, 313.000000
distance_sensors, DistanceSensor, 17405, 155.000000, 9999.000000, 9999.000000, 313.000000
distance_sensors, DistanceSensor, 17415, 132.000000, 9999.000000, 9999.000000, 299.000000
distance_sensors, DistanceSensor, 17425, 132.000000, 9999.000000, 9999.000000, 299.000000
distance_sensors, DistanceSensor, 17435, 132.000000, 9999.000000, 9999.000000, 299.000000
distance_sensors, DistanceSensor, 17445, 132.000000, 9999.000000, 9999.000000, 299.000000
distance_sensors, DistanceSensor, 17455, 153.000000, 9999.000000, 9999.000000, 292.000000
distance_sensors, DistanceSensor, 17465, 153.000000, 9999.000000, 9999.000000, 292.000000
distance_sensors, DistanceSensor, 17475, 153.000000, 9999.000000, 9999.000000, 292.000000
distance_sensors, DistanceSensor, 17485, 173.000000, 9999.000000, 9999.000000, 288.000000
distance_sensors, DistanceSensor, 17495, 173.000000, 9999.000000, 9999.000000, 288.000000
distance_sensors, DistanceSensor, 17505, 173.000000, 9999.000000, 9999.000000, 288.000000
distance_sensors, DistanceSensor, 17515, 173.000000, 9999.000000, 9999.000000, 288.000000
distance_sensors, DistanceSensor, 17525, 182.000000, 9999.000000, 9999.000000, 295.000000
distance_sensors, DistanceSensor, 17535, 182.000000, 9999.000000, 9999.000000, 295.000000
distance_sensors, DistanceSensor, 17545, 182.000000, 9999.000000, 9999.000000, 295.000000
distance_sensors, DistanceSensor, 17555, 174.000000, 9999.000000, 9999.000000, 300.000000
distance_sensors, DistanceSensor, 17565, 174.000000, 9999.000000, 9999.000000, 300.000000
distance_sensors, DistanceSensor, 17575, 174.000000, 9999.000000, 9999.000000, 300.000000
distance_sensors, DistanceSensor, 17585, 174.000000, 9999.000000, 9999.000000, 300.000000
distance_sensors, DistanceSensor, 17595, 157.000000, 9999.000000, 9999.000000, 325.000000
distance_sensors, DistanceSensor, 17605, 157.000000, 9999.000000, 9999.000000, 325.000000
distance_sensors, DistanceSensor, 17615, 157.000000, 9999.000000, 9999.000000, 325.000000
distance_sensors, DistanceSensor, 17625, 139.000000, 9999.000000, 9999.000000, 325.000000
distance_sensors, DistanceSensor, 17635, 139.000000, 9999.000000, 9999.000000, 373.000000
distance_sensors, DistanceSensor, 17645, 139.000000, 9999.000000, 9999.000000, 373.000000
distance_sensors, DistanceSensor, 17655, 139.000000, 9999.000000, 9999.000000, 373.000000
distance_sensors, DistanceSensor, 17665, 114.000000, 9999.000000, 9999.000000, 442.000000
distance_sensors, DistanceSensor, 17675, 114.000000, 9999.000000, 9999.000000, 442.000000
distance_sensors, DistanceSensor, 17685, 114.000000, 9999.000000, 9999.000000, 442.000000
distance_sensors, DistanceSensor, 17695, 101.000000, 9999.000000, 9999.000000, 442.000000
distance_sensors, DistanceSensor, 17705, 101.000000, 9999.000000, 1007.000000, 530.000000
distance_sensors, DistanceSensor, 17715, 101.000000, 9999.000000, 1007.000000, 530.000000
distance_sensors, DistanceSensor, 17725, 101.000000, 9999.000000, 1007.000000, 530.000000
distance_sensors, DistanceSensor, 17735, 98.000000, 9999.000000, 904.000000, 675.000000
distance_sensors, DistanceSensor, 17745, 98.000000, 9999.000000, 904.000000, 675.000000
distance_sensors, DistanceSensor, 17755, 98.000000, 9999.000000, 904.000000, 675.000000
distance_sensors, DistanceSensor, 17765, 98.000000, 9999.000000, 904.000000, 675.000000
distance_sensors, DistanceSensor, 17775, 102.000000, 9999.000000, 825.000000, 1012.000000
distance_sensors, DistanceSensor, 17785, 102.000000, 9999.000000, 825.000000, 1012.000000
distance_sensors, DistanceSensor, 17795, 102.000000, 9999.000000, 825.000000, 1012.000000
distance_sensors, DistanceSensor, 17805, 102.000000, 9999.000000, 770.000000, 9999.000000
distance_sensors, DistanceSensor, 17815, 102.000000, 9999.000000, 770.000000, 9999.000000
distance_sensors, DistanceSensor, 17825, 102.000000, 9999.000000, 770.000000, 9999.000000
distance_sensors, DistanceSensor, 17835, 102.000000, 9999.000000, 770.000000, 9999.000000
distance_sensors, DistanceSensor, 17845, 116.000000, 9999.000000, 733.000000, 9999.000000
distance_sensors, DistanceSensor, 17855, 116.000000, 9999.000000, 733.000000, 9999.000000
distance_sensors, DistanceSensor, 17865, 116.000000, 9999.000000, 733.000000, 9999.000000
distance_sensors, DistanceSensor, 17875, 130.000000, 9999.000000, 733.000000, 9999.000000
distance_sensors, DistanceSensor, 17885, 130.000000, 9999.000000, 712.000000, 9999.000000
distance_sensors, DistanceSensor, 17895, 130.000000, 9999.000000, 712.000000, 9999.000000
distance_sensors, DistanceSensor, 17905, 130.000000, 9999.000000, 712.000000, 9999.000000
distance_sensors, DistanceSensor, 17915, 150.000000, 9999.000000, 701.000000, 9999.000000
distance_sensors, DistanceSensor, 17925, 150.000000, 9999.000000, 701.000000, 9999.000000
distance_sensors, DistanceSensor, 17935, 150.000000, 9999.000000, 701.000000, 9999.000000
distance_sensors, DistanceSensor, 17945, 163.000000, 9999.000000, 701.000000, 9999.000000
distance_sensors, DistanceSensor, 17955, 163.000000, 9999.000000, 698.000000, 9999.000000
distance_sensors, DistanceSensor, 17965, 163.000000, 9999.000000, 698.000000, 9999.000000
distance_sensors, DistanceSensor, 17975, 163.000000, 9999.000000, 698.000000, 9999.000000
distance_sensors, DistanceSensor, 17985, 172.000000, 9999.000000, 695.000000, 9999.000000
distance_sensors, DistanceSensor, 17995, 172.000000, 9999.000000, 695.000000, 9999.000000
distance_sensors, DistanceSensor, 18005, 172.000000, 9999.000000, 695.000000, 9999.000000
distance_sensors, DistanceSensor, 18015, 179.000000, 9999.000000, 695.000000, 9999.000000
distance_sensors, DistanceSensor, 18025, 179.000000, 9999.000000, 692.000000, 9999.000000
distance_sensors, DistanceSensor, 18035, 179.000000, 9999.000000, 692.000000, 9999.000000
distance_sensors, DistanceSensor, 18045, 179.000000, 9999.000000, 692.000000, 9999.000000
distance_sensors, DistanceSensor, 18055, 176.000000, 9999.000000, 677.000000, 9999.000000
distance_sensors, DistanceSensor, 18065, 176.000000, 9999.000000, 677.000000, 9999.000000
distance_sensors, DistanceSensor, 18075, 176.000000, 9999.000000, 677.000000, 9999.000000
distance_sensors, DistanceSensor, 18085, 169.000000, 9999.000000, 677.000000, 9999.000000
distance_sensors, DistanceSensor, 18095, 169.000000, 9999.000000, 658.000000, 9999.000000
distance_sensors, DistanceSensor, 18105, 169.000000, 9999.000000, 658.000000, 9999.000000
distance_sensors, DistanceSensor, 18115, 169.000000, 9999.000000, 658.000000, 9999.000000
distance_sensors, DistanceSensor, 18125, 164.000000, 9999.000000, 634.000000, 9999.000000
distance_sensors, DistanceSensor, 18135, 164.000000, 9999.000000, 634.000000, 9999.000000
distance_sensors, DistanceSensor, 18145, 164.000000, 9999.000000, 634.000000, 9999.000000
distance_sensors, DistanceSensor, 18155, 159.000000, 9999.000000, 634.000000, 9999.000000
distance_sensors, DistanceSensor, 18165, 159.000000, 9999.000000, 609.000000, 9999.000000
distance_sensors, DistanceSensor, 18175, 159.000000, 9999.000000, 609.000000, 9999.000000
distance_sensors, DistanceSensor, 18185, 159.000000, 9999.000000, 609.000000, 9999.000000
distance_sensors, DistanceSensor, 18195, 143.000000, 9999.000000, 579.000000, 9999.000000
distance_sensors, DistanceSensor, 18205, 143.000000, 9999.000000, 579.000000, 9999.000000
distance_sensors, DistanceSensor, 18215, 143.000000, 9999.000000, 579.000000, 9999.000000
distance_sensors, DistanceSensor, 18225, 138.000000, 9999.000000, 579.000000, 9999.000000
distance_sensors, DistanceSensor, 18235, 138.000000, 9999.000000, 548.000000, 9999.000000
distance_sensors, DistanceSensor, 18245, 138.000000, 9999.000000, 548.000000, 9999.000000
distance_sensors, DistanceSensor, 18255, 138.000000, 9999.000000, 548.000000, 9999.000000
distance_sensors, DistanceSensor, 18265, 120.000000, 9999.000000, 516.000000, 9999.000000
distance_sensors, DistanceSensor, 18275, 120.000000, 9999.000000, 516.000000, 9999.000000
distance_sensors, DistanceSensor, 18285, 120.000000, 9999.000000, 516.000000, 9999.000000
distance_sensors, DistanceSensor, 18295, 120.000000, 9999.000000, 516.000000, 9999.000000
distance_sensors, DistanceSensor, 18305, 117.000000, 9999.000000, 485.000000, 9999.000000
distance_sensors, DistanceSensor, 18315, 117.000000, 9999.000000, 485.000000, 9999.000000
distance_sensors, DistanceSensor, 18325, 117.000000, 9999.000000, 485.000000, 9999.000000
distance_sensors, DistanceSensor, 18335, 104.000000, 9999.000000, 456.000000, 9999.000000
distance_sensors, DistanceSensor, 18345, 104.000000, 9999.000000, 456.000000, 9999.000000
distance_sensors, DistanceSensor, 18355, 104.000000, 9999.000000, 456.000000, 9999.000000
distance_sensors, DistanceSensor, 18365, 104.000000, 9999.000000, 456.000000, 9999.000000
distance_sensors, DistanceSensor, 18375, 101.000000, 9999.000000, 430.000000, 9999.000000
distance_sensors, DistanceSensor, 18385, 101.000000, 9999.000000, 430.000000, 9999.000000
distance_sensors, DistanceSensor, 18395, 101.000000, 9999.000000, 430.000000, 9999.000000
distance_sensors, DistanceSensor, 18405, 102.000000, 9999.000000, 407.000000, 9999.000000
distance_sensors, DistanceSensor, 18415, 102.000000, 9999.000000, 407.000000, 9999.000000
distance_sensors, DistanceSensor, 18425, 102.000000, 9999.000000, 407.000000, 9999.000000
distance_sensors, DistanceSensor, 18435, 102.000000, 9999.000000, 407.000000, 9999.000000
distance_sensors, DistanceSensor, 18445, 91.000000, 9999.000000, 388.000000, 9999.000000
distance_sensors, DistanceSensor, 18455, 91.000000, 9999.000000, 388.000000, 9999.000000
distance_sensors, DistanceSensor, 18465, 91.000000, 9999.000000, 388.000000, 9999.000000
distance_sensors, DistanceSensor, 18475, 91.000000, 9999.000000, 373.000000, 9999.000000
distance_sensors, DistanceSensor, 18485, 91.000000, 9999.000000, 373.000000, 9999.000000
distance_sensors, DistanceSensor, 18495, 91.000000, 9999.000000, 373.000000, 9999.000000
distance_sensors, DistanceSensor, 18505, 91.000000, 9999.000000, 373.000000, 9999.000000
distance_sensors, DistanceSensor, 18515, 91.000000, 9999.000000, 373.000000, 9999.000000
distance_sensors, DistanceSensor, 18525, 91.000000, 9999.000000, 373.000000, 9999.000000
distance_sensors, DistanceSensor, 18535, 91.000000, 9999.000000, 373.000000, 9999.000000
distance_sensors, DistanceSensor, 18545, 91.000000, 9999.000000, 373.000000, 9999.000000
distance_sensors, DistanceSensor, 18555, 91.000000, 9999.000000, 381.000000, 9999.000000
distance_sensors, DistanceSensor, 18565, 91.000000, 9999.000000, 381.000000, 9999.000000
distance_sensors, DistanceSensor, 18575, 91.000000, 9999.000000, 381.000000, 9999.000000
distance_sensors, DistanceSensor, 18585, 90.000000, 9999.000000, 395.000000, 9999.000000
distance_sensors, DistanceSensor, 18595, 90.000000, 9999.000000, 395.000000, 9999.000000
distance_sensors, DistanceSensor, 18605, 90.000000, 9999.000000, 395.000000, 9999.000000
distance_sensors, DistanceSensor, 18615, 96.000000, 9999.000000, 395.000000, 9999.000000
distance_sensors, DistanceSensor, 18625, 96.000000, 9999.000000, 415.000000, 9999.000000
distance_sensors, DistanceSensor, 18635, 96.000000, 9999.000000, 415.000000, 9999.000000
distance_sensors, DistanceSensor, 18645, 96.000000, 9999.000000, 415.000000, 9999.000000
distance_sensors, DistanceSensor, 18655, 105.000000, 9999.000000, 445.000000, 9999.000000
distance_sensors, DistanceSensor, 18665, 105.000000, 9999.000000, 445.000000, 9999.000000
distance_sensors, DistanceSensor, 18675, 105.000000, 9999.000000, 445.000000, 9999.000000
distance_sensors, DistanceSensor, 18685, 108.000000, 9999.000000, 445.000000, 9999.000000
distance_sensors, DistanceSensor, 18695, 108.000000, 9999.000000, 480.000000, 9999.000000
distance_sensors, DistanceSensor, 18705, 108.000000, 9999.000000, 480.000000, 9999.000000
distance_sensors, DistanceSensor, 18715, 108.000000, 9999.000000, 480.000000, 9999.000000
distance_sensors, DistanceSensor, 18725, 116.000000, 9999.000000, 516.000000, 9999.000000
distance_sensors, DistanceSensor, 18735, 116.000000, 9999.000000, 516.000000, 9999.000000
distance_sensors, DistanceSensor, 18745, 116.000000, 9999.000000, 516.000000, 9999.000000
distance_sensors, DistanceSensor, 18755, 131.000000, 9999.000000, 516.000000, 9999.000000
distance_sensors, DistanceSensor, 18765, 131.000000, 9999.000000, 550.000000, 9999.000000
distance_sensors, DistanceSensor, 18775, 131.000000, 9999.000000, 550.000000, 9999.000000
distance_sensors, DistanceSensor, 18785, 131.000000, 9999.000000, 550.000000, 9999.000000
distance_sensors, DistanceSensor, 18795, 132.000000, 9999.000000, 593.000000, 9999.000000
distance_sensors, DistanceSensor, 18805, 132.000000, 9999.000000, 593.000000, 9999.000000
distance_sensors, DistanceSensor, 18815, 132.000000, 9999.000000, 593.000000, 9999.000000
distance_sensors, DistanceSensor, 18825, 143.000000, 9999.000000, 593.000000, 9999.000000
distance_sensors, DistanceSensor, 18835, 143.000000, 9999.000000, 640.000000, 9999.000000
distance_sensors, DistanceSensor, 18845, 143.000000, 9999.000000, 640.000000, 9999.000000
distance_sensors, DistanceSensor, 18855, 143.000000, 9999.000000, 640.000000, 9999.000000
distance_sensors, DistanceSensor, 18865, 155.000000, 9999.000000, 685.000000, 9999.000000
distance_sensors, DistanceSensor, 18875, 155.000000, 9999.000000, 685.000000, 9999.000000
distance_sensors, DistanceSensor, 18885, 155.000000, 9999.000000, 685.000000, 9999.000000
distance_sensors, DistanceSensor, 18895, 159.000000, 9999.000000, 685.000000, 9999.000000
distance_sensors, DistanceSensor, 18905, 159.000000, 9999.000000, 737.000000, 9999.000000
distance_sensors, DistanceSensor, 18915, 159.000000, 9999.000000, 737.000000, 9999.000000
distance_sensors, DistanceSensor, 18925, 159.000000, 9999.000000, 737.000000, 9999.000000
distance_sensors, DistanceSensor, 18935, 170.000000, 9999.000000, 790.000000, 9999.000000
distance_sensors, DistanceSensor, 18945, 170.000000, 9999.000000, 790.000000, 9999.000000
distance_sensors, DistanceSensor, 18955, 170.000000, 9999.000000, 790.000000, 9999.000000
distance_sensors, DistanceSensor, 18965, 170.000000, 9999.000000, 790.000000, 9999.000000
distance_sensors, DistanceSensor, 18975, 175.000000, 9999.000000, 845.000000, 9999.000000
distance_sensors, DistanceSensor, 18985, 175.000000, 9999.000000, 845.000000, 9999.000000
distance_sensors, DistanceSensor, 18995, 175.000000, 9999.000000, 845.000000, 9999.000000
distance_sensors, DistanceSensor, 19005, 185.000000, 9999.000000, 901.000000, 9999.000000
distance_sensors, DistanceSensor, 19015, 185.000000, 9999.000000, 901.000000, 9999.000000
distance_sensors, DistanceSensor, 19025, 185.000000, 9999.000000, 901.000000, 9999.000000
distance_sensors, DistanceSensor, 19035, 185.000000, 9999.000000, 901.000000, 9999.000000
distance_sensors, DistanceSensor, 19045, 190.000000, 9999.000000, 955.000000, 9999.000000
distance_sensors, DistanceSensor, 19055, 190.000000, 9999.000000, 955.000000, 9999.000000
distance_sensors, DistanceSensor, 19065, 190.000000, 9999.000000, 955.000000, 9999.000000
distance_sensors, DistanceSensor, 19075, 196.000000, 9999.000000, 1015.000000, 9999.000000
distance_sensors, DistanceSensor, 19085, 196.000000, 9999.000000, 1015.000000, 9999.000000
distance_sensors, DistanceSensor, 19095, 196.000000, 9999.000000, 1015.000000, 9999.000000
distance_sensors, DistanceSensor, 19105, 196.000000, 9999.000000, 1015.000000, 9999.000000
distance_sensors, DistanceSensor, 19115, 204.000000, 9999.000000, 1072.000000, 2551.000000
distance_sensors, DistanceSensor, 19125, 204.000000, 9999.000000, 1072.000000, 2551.000000
distance_sensors, DistanceSensor, 19135, 204.000000, 9999.000000, 1072.000000, 2551.000000
distance_sensors, DistanceSensor, 19145, 232.000000, 9999.000000, 1126.000000, 2551.000000
distance_sensors, DistanceSensor, 19155, 232.000000, 9999.000000, 1126.000000, 2497.000000
distance_sensors, DistanceSensor, 19165, 232.000000, 9999.000000, 1126.000000, 2497.000000
distance_sensors, DistanceSensor, 19175, 232.000000, 9999.000000, 1126.000000, 2497.000000
distance_sensors, DistanceSensor, 19185, 242.000000, 9999.000000, 1189.000000, 2463.000000
distance_sensors, DistanceSensor, 19195, 242.000000, 9999.000000, 1189.000000, 2463.000000
distance_sensors, DistanceSensor, 19205, 242.000000, 9999.000000, 1189.000000, 2463.000000
distance_sensors, DistanceSensor, 19215, 248.000000, 9999.000000, 1189.000000, 2463.000000
distance_sensors, DistanceSensor, 19225, 248.000000, 9999.000000, 1248.000000, 2379.000000
distance_sensors, DistanceSensor, 19235, 248.000000, 9999.000000, 1248.000000, 2379.000000
distance_sensors, DistanceSensor, 19245, 248.000000, 9999.000000, 1248.000000, 2379.000000
distance_sensors, DistanceSensor, 19255, 257.000000, 9999.000000, 1309.000000, 2330.000000
distance_sensors, DistanceSensor, 19265, 257.000000, 9999.000000, 1309.000000, 2330.000000
distance_sensors, DistanceSensor, 19275, 257.000000, 9999.000000, 1309.000000, 2330.000000
distance_sensors, DistanceSensor, 19285, 266.000000, 9999.000000, 1309.000000, 2330.000000
distance_sensors, DistanceSensor, 19295, 266.000000, 9999.000000, 1371.000000, 2258.000000
distance_sensors, DistanceSensor, 19305, 266.000000, 9999.000000, 1371.000000, 2258.000000
distance_sensors, DistanceSensor, 19315, 266.000000, 9999.000000, 1371.000000, 2258.000000
distance_sensors, DistanceSensor, 19325, 274.000000, 9999.000000, 1431.000000, 2205.000000
distance_sensors, DistanceSensor, 19335, 274.000000, 9999.000000, 1431.000000, 2205.000000
distance_sensors, DistanceSensor, 19345, 274.000000, 9999.000000, 1431.000000, 2205.000000
distance_sensors, DistanceSensor, 19355, 282.000000, 9999.000000, 1431.000000, 2205.000000
distance_sensors, DistanceSensor, 19365, 282.000000, 9999.000000, 1487.000000, 2144.000000
distance_sensors, DistanceSensor, 19375, 282.000000, 9999.000000, 1487.000000, 2144.000000
distance_sensors, DistanceSensor, 19385, 282.000000, 9999.000000, 1487.000000, 2144.000000
distance_sensors, DistanceSensor, 19395, 288.000000, 9999.000000, 1552.000000, 2144.000000
distance_sensors, DistanceSensor, 19405, 288.000000, 9999.000000, 1552.000000, 2076.000000
distance_sensors, DistanceSensor, 19415, 288.000000, 9999.000000, 1552.000000, 2076.000000
distance_sensors, DistanceSensor, 19425, 288.000000, 9999.000000, 1552.000000, 2076.000000
distance_sensors, DistanceSensor, 19435, 294.000000, 9999.000000, 1612.000000, 2015.000000
distance_sensors, DistanceSensor, 19445, 294.000000, 9999.000000, 1612.000000, 2015.000000
distance_sensors, DistanceSensor, 19455, 294.000000, 9999.000000, 1612.000000, 2015.000000
distance_sensors, DistanceSensor, 19465, 191.000000, 9999.000000, 1675.000000, 2015.000000
distance_sensors, DistanceSensor, 19475, 191.000000, 9999.000000, 1675.000000, 1955.000000
distance_sensors, DistanceSensor, 19485, 191.000000, 9999.000000, 1675.000000, 1955.000000
distance_sensors, DistanceSensor, 19495, 191.000000, 9999.000000, 1675.000000, 1955.000000
distance_sensors, DistanceSensor, 19505, 188.000000, 9999.000000, 1738.000000, 1888.000000
distance_sensors, DistanceSensor, 19515, 188.000000, 9999.000000, 1738.000000, 1888.000000
distance_sensors, DistanceSensor, 19525, 188.000000, 589.000000, 1738.000000, 1888.000000
distance_sensors, DistanceSensor, 19535, 304.000000, 589.000000, 1799.000000, 1888.000000
distance_sensors, DistanceSensor, 19545, 304.000000, 589.000000, 1799.000000, 1829.000000
distance_sensors, DistanceSensor, 19555, 304.000000, 589.000000, 1799.000000, 1829.000000
distance_sensors, DistanceSensor, 19565, 304.000000, 573.000000, 1799.000000, 1829.000000
distance_sensors, DistanceSensor, 19575, 329.000000, 573.000000, 1861.000000, 1760.000000
distance_sensors, DistanceSensor, 19585, 329.000000, 573.000000, 1861.000000, 1760.000000
distance_sensors, DistanceSensor, 19595, 329.000000, 578.000000, 1861.000000, 1760.000000
distance_sensors, DistanceSensor, 19605, 335.000000, 578.000000, 1924.000000, 1760.000000
distance_sensors, DistanceSensor, 19615, 335.000000, 578.000000, 1924.000000, 1694.000000
distance_sensors, DistanceSensor, 19625, 335.000000, 578.000000, 1924.000000, 1694.000000
distance_sensors, DistanceSensor, 19635, 335.000000, 9999.000000, 1924.000000, 1694.000000
distance_sensors, DistanceSensor, 19645, 338.000000, 9999.000000, 1990.000000, 1639.000000
distance_sensors, DistanceSensor, 19655, 338.000000, 9999.000000, 1990.000000, 1639.000000
distance_sensors, DistanceSensor, 19665, 338.000000, 9999.000000, 1990.000000, 1639.000000
distance_sensors, DistanceSensor, 19675, 349.000000, 9999.000000, 2047.000000, 1639.000000
distance_sensors, DistanceSensor, 19685, 349.000000, 9999.000000, 2047.000000, 1570.000000
distance_sensors, DistanceSensor, 19695, 349.000000, 9999.000000, 2047.000000, 1570.000000
distance_sensors, DistanceSensor, 19705, 349.000000, 9999.000000, 2047.000000, 1570.000000
distance_sensors, DistanceSensor, 19715, 355.000000, 9999.000000, 2120.000000, 1512.000000
distance_sensors, DistanceSensor, 19725, 355.000000, 9999.000000, 2120.000000, 1512.000000
distance_sensors, DistanceSensor, 19735, 355.000000, 9999.000000, 2120.000000, 1512.000000
distance_sensors, DistanceSensor, 19745, 355.000000, 9999.000000, 2179.000000, 1512.000000
distance_sensors, DistanceSensor, 19755, 359.000000, 9999.000000, 2179.000000, 1445.000000
distance_sensors, DistanceSensor, 19765, 359.000000, 9999.000000, 2179.000000, 1445.000000
distance_sensors, DistanceSensor, 19775, 359.000000, 9999.000000, 2179.000000, 1445.000000
distance_sensors, DistanceSensor, 19785, 371.000000, 9999.000000, 2237.000000, 1392.000000
distance_sensors, DistanceSensor, 19795, 371.000000, 9999.000000, 2237.000000, 1392.000000
distance_sensors, DistanceSensor, 19805, 371.000000, 9999.000000, 2237.000000, 1392.000000
distance_sensors, DistanceSensor, 19815, 371.000000, 9999.000000, 9999.000000, 1392.000000
distance_sensors, DistanceSensor, 19825, 378.000000, 9999.000000, 9999.000000, 1325.000000
distance_sensors, DistanceSensor, 19835, 378.000000, 9999.000000, 9999.000000, 1325.000000
distance_sensors, DistanceSensor, 19845, 378.000000, 9999.000000, 9999.000000, 1325.000000
distance_sensors, DistanceSensor, 19855, 385.000000, 9999.000000, 9999.000000, 1263.000000
distance_sensors, DistanceSensor, 19865, 385.000000, 9999.000000, 9999.000000, 1263.000000
distance_sensors, DistanceSensor, 19875, 385.000000, 9999.000000, 9999.000000, 1263.000000
distance_sensors, DistanceSensor, 19885, 385.000000, 9999.000000, 9999.000000, 1263.000000
distance_sensors, DistanceSensor, 19895, 392.000000, 9999.000000, 2434.000000, 1199.000000
distance_sensors, DistanceSensor, 19905, 392.000000, 9999.000000, 2434.000000, 1199.000000
distance_sensors, DistanceSensor, 19915, 392.000000, 9999.000000, 2434.000000, 1199.000000
distance_sensors, DistanceSensor, 19925, 400.000000, 9999.000000, 2489.000000, 1199.000000
distance_sensors, DistanceSensor, 19935, 400.000000, 9999.000000, 2489.000000, 1140.000000
distance_sensors, DistanceSensor, 19945, 400.000000, 9999.000000, 2489.000000, 1140.000000
distance_sensors, DistanceSensor, 19955, 400.000000, 9999.000000, 2489.000000, 1140.000000
distance_sensors, DistanceSensor, 19965, 405.000000, 9999.000000, 9999.000000, 1076.000000
distance_sensors, DistanceSensor, 19975, 405.000000, 9999.000000, 9999.000000, 1076.000000
distance_sensors, DistanceSensor, 19985, 405.000000, 9999.000000, 9999.000000, 1076.000000
distance_sensors, DistanceSensor, 19995, 410.000000, 9999.000000, 9999.000000, 1076.000000
distance_sensors, DistanceSensor, 20005, 410.000000, 9999.000000, 9999.000000, 1008.000000
distance_sensors, DistanceSensor, 20015, 410.000000, 9999.000000, 9999.000000, 1008.000000
distance_sensors, DistanceSensor, 20025, 410.000000, 9999.000000, 9999.000000, 1008.000000
distance_sensors, DistanceSensor, 20035, 418.000000, 9999.000000, 9999.000000, 947.000000
distance_sensors, DistanceSensor, 20045, 418.000000, 9999.000000, 9999.000000, 947.000000
distance_sensors, DistanceSensor, 20055, 418.000000, 9999.000000, 9999.000000, 947.000000
distance_sensors, DistanceSensor, 20065, 423.000000, 9999.000000, 9999.000000, 947.000000
distance_sensors, DistanceSensor, 20075, 423.000000, 9999.000000, 9999.000000, 879.000000
distance_sensors, DistanceSensor, 20085, 423.000000, 9999.000000, 9999.000000, 879.000000
distance_sensors, DistanceSensor, 20095, 423.000000, 9999.000000, 9999.000000, 879.000000
distance_sensors, DistanceSensor, 20105, 425.000000, 9999.000000, 9999.000000, 822.000000
distance_sensors, DistanceSensor, 20115, 425.000000, 9999.000000, 9999.000000, 822.000000
distance_sensors, DistanceSensor, 20125, 425.000000, 9999.000000, 9999.000000, 822.000000
distance_sensors, DistanceSensor, 20135, 432.000000, 9999.000000, 9999.000000, 822.000000
distance_sensors, DistanceSensor, 20145, 432.000000, 9999.000000, 9999.000000, 771.000000
distance_sensors, DistanceSensor, 20155, 432.000000, 9999.000000, 9999.000000, 771.000000
distance_sensors, DistanceSensor, 20165, 432.000000, 9999.000000, 9999.000000, 771.000000
distance_sensors, DistanceSensor, 20175, 436.000000, 9999.000000, 9999.000000, 728.000000
distance_sensors, DistanceSensor, 20185, 436.000000, 9999.000000, 9999.000000, 728.000000
distance_sensors, DistanceSensor, 20195, 436.000000, 9999.000000, 9999.000000, 728.000000
distance_sensors, DistanceSensor, 20205, 440.000000, 9999.000000, 9999.000000, 728.000000
distance_sensors, DistanceSensor, 20215, 440.000000, 9999.000000, 9999.000000, 689.000000
distance_sensors, DistanceSensor, 20225, 440.000000, 9999.000000, 9999.000000, 689.000000
distance_sensors, DistanceSensor, 20235, 440.000000, 9999.000000, 9999.000000, 689.000000
distance_sensors, DistanceSensor, 20245, 446.000000, 9999.000000, 9999.000000, 662.000000
distance_sensors, DistanceSensor, 20255, 446.000000, 9999.000000, 9999.000000, 662.000000
distance_sensors, DistanceSensor, 20265, 446.000000, 9999.000000, 9999.000000, 662.000000
distance_sensors, DistanceSensor, 20275, 446.000000, 9999.000000, 9999.000000, 662.000000
distance_sensors, DistanceSensor, 20285, 446.000000, 9999.000000, 9999.000000, 644.000000
distance_sensors, DistanceSensor, 20295, 446.000000, 9999.000000, 9999.000000, 644.000000
distance_sensors, DistanceSensor, 20305, 446.000000, 9999.000000, 9999.000000, 644.000000
distance_sensors, DistanceSensor, 20315, 454.000000, 9999.000000, 9999.000000, 627.000000
distance_sensors, DistanceSensor, 20325, 454.000000, 9999.000000, 9999.000000, 627.000000
distance_sensors, DistanceSensor, 20335, 454.000000, 9999.000000, 9999.000000, 627.000000
distance_sensors, DistanceSensor, 20345, 454.000000, 9999.000000, 9999.000000, 627.000000
distance_sensors, DistanceSensor, 20355, 452.000000, 9999.000000, 9999.000000, 620.000000
distance_sensors, DistanceSensor, 20365, 452.000000, 9999.000000, 9999.000000, 620.000000
distance_sensors, DistanceSensor, 20375, 452.000000, 9999.000000, 9999.000000, 620.000000
distance_sensors, DistanceSensor, 20385, 452.000000, 9999.000000, 9999.000000, 610.000000
distance_sensors, DistanceSensor, 20395, 452.000000, 9999.000000, 9999.000000, 610.000000
distance_sensors, DistanceSensor, 20405, 452.000000, 9999.000000, 9999.000000, 610.000000
distance_sensors, DistanceSensor, 20415, 452.000000, 9999.000000, 9999.000000, 610.000000
distance_sensors, DistanceSensor, 20425, 454.000000, 9999.000000, 9999.000000, 603.000000
distance_sensors, DistanceSensor, 20435, 454.000000, 9999.000000, 9999.000000, 603.000000
distance_sensors, DistanceSensor, 20445, 454.000000, 9999.000000, 9999.000000, 603.000000
distance_sensors, DistanceSensor, 20455, 452.000000, 9999.000000, 9999.000000, 603.000000
distance_sensors, DistanceSensor, 20465, 452.000000, 9999.000000, 9999.000000, 597.000000
distance_sensors, DistanceSensor, 20475, 452.000000, 9999.000000, 9999.000000, 597.000000
distance_sensors, DistanceSensor, 20485, 452.000000, 9999.000000, 9999.000000, 597.000000
distance_sensors, DistanceSensor, 20495, 455.000000, 9999.000000, 9999.000000, 598.000000
distance_sensors, DistanceSensor, 20505, 455.000000, 9999.000000, 9999.000000, 598.000000
distance_sensors, DistanceSensor, 20515, 455.000000, 9999.000000, 9999.000000, 598.000000
distance_sensors, DistanceSensor, 20525, 454.000000, 9999.000000, 9999.000000, 598.000000
distance_sensors, DistanceSensor, 20535, 454.000000, 9999.000000, 9999.000000, 597.000000
distance_sensors, DistanceSensor, 20545, 454.000000, 9999.000000, 9999.000000, 597.000000
distance_sensors, DistanceSensor, 20555, 454.000000, 9999.000000, 9999.000000, 597.000000
distance_sensors, DistanceSensor, 20565, 455.000000, 9999.000000, 9999.000000, 597.000000
distance_sensors, DistanceSensor, 20575, 455.000000, 9999.000000, 9999.000000, 597.000000
distance_sensors, DistanceSensor, 20585, 455.000000, 9999.000000, 9999.000000, 597.000000
distance_sensors, DistanceSensor, 20595, 454.000000, 9999.000000, 9999.000000, 597.000000
distance_sensors, DistanceSensor, 20605, 454.000000, 9999.000000, 9999.000000, 595.000000
distance_sensors, DistanceSensor, 20615, 454.000000, 9999.000000, 9999.000000, 595.000000
distance_sensors, DistanceSensor, 20625, 454.000000, 9999.000000, 9999.000000, 595.000000
distance_sensors, DistanceSensor, 20635, 455.000000, 9999.000000, 9999.000000, 592.000000
distance_sensors, DistanceSensor, 20645, 455.000000, 9999.000000, 9999.000000, 592.000000
distance_sensors, DistanceSensor, 20655, 455.000000, 9999.000000, 9999.000000, 592.000000
distance_sensors, DistanceSensor, 20665, 454.000000, 9999.000000, 9999.000000, 592.000000
distance_sensors, DistanceSensor, 20675, 454.000000, 9999.000000, 9999.000000, 589.000000
distance_sensors, DistanceSensor, 20685, 454.000000, 9999.000000, 9999.000000, 589.000000
distance_sensors, DistanceSensor, 20695, 454.000000, 9999.000000, 9999.000000, 589.000000
distance_sensors, DistanceSensor, 20705, 454.000000, 9999.000000, 9999.000000, 597.000000
distance_sensors, DistanceSensor, 20715, 454.000000, 9999.000000, 9999.000000, 597.000000
distance_sensors, DistanceSensor, 20725, 454.000000, 9999.000000, 9999.000000, 597.000000
distance_sensors, DistanceSensor, 20735, 448.000000, 9999.000000, 9999.000000, 597.000000
distance_sensors, DistanceSensor, 20745, 448.000000, 9999.000000, 9999.000000, 585.000000
distance_sensors, DistanceSensor, 20755, 448.000000, 9999.000000, 9999.000000, 585.000000
distance_sensors, DistanceSensor, 20765, 448.000000, 9999.000000, 9999.000000, 585.000000
distance_sensors, DistanceSensor, 20775, 442.000000, 9999.000000, 9999.000000, 576.000000
distance_sensors, DistanceSensor, 20785, 442.000000, 9999.000000, 9999.000000, 576.000000
distance_sensors, DistanceSensor, 20795, 442.000000, 9999.000000, 9999.000000, 576.000000
distance_sensors, DistanceSensor, 20805, 442.000000, 9999.000000, 9999.000000, 576.000000
distance_sensors, DistanceSensor, 20815, 440.000000, 9999.000000, 9999.000000, 567.000000
distance_sensors, DistanceSensor, 20825, 440.000000, 9999.000000, 9999.000000, 567.000000
distance_sensors, DistanceSensor, 20835, 440.000000, 9999.000000, 9999.000000, 567.000000
distance_sensors, DistanceSensor, 20845, 449.000000, 9999.000000, 9999.000000, 567.000000
distance_sensors, DistanceSensor, 20855, 449.000000, 9999.000000, 9999.000000, 567.000000
distance_sensors, DistanceSensor, 20865, 449.000000, 544.000000, 9999.000000, 567.000000
distance_sensors, DistanceSensor, 20875, 449.000000, 544.000000, 9999.000000, 567.000000
distance_sensors, DistanceSensor, 20885, 474.000000, 544.000000, 9999.000000, 583.000000
distance_sensors, DistanceSensor, 20895, 474.000000, 544.000000, 9999.000000, 583.000000
distance_sensors, DistanceSensor, 20905, 474.000000, 558.000000, 9999.000000, 583.000000
distance_sensors, DistanceSensor, 20915, 530.000000, 558.000000, 9999.000000, 583.000000
distance_sensors, DistanceSensor, 20925, 530.000000, 558.000000, 9999.000000, 627.000000
distance_sensors, DistanceSensor, 20935, 530.000000, 558.000000, 9999.000000, 627.000000
distance_sensors, DistanceSensor, 20945, 530.000000, 693.000000, 9999.000000, 627.000000
distance_sensors, DistanceSensor, 20955, 639.000000, 693.000000, 9999.000000, 760.000000
distance_sensors, DistanceSensor, 20965, 639.000000, 693.000000, 9999.000000, 760.000000
distance_sensors, DistanceSensor, 20975, 639.000000, 564.000000, 9999.000000, 760.000000
distance_sensors, DistanceSensor, 20985, 821.000000, 564.000000, 9999.000000, 760.000000
distance_sensors, DistanceSensor, 20995, 821.000000, 564.000000, 9999.000000, 664.000000
distance_sensors, DistanceSensor, 21005, 821.000000, 564.000000, 9999.000000, 664.000000
distance_sensors, DistanceSensor, 21015, 821.000000, 499.000000, 9999.000000, 664.000000
distance_sensors, DistanceSensor, 21025, 9999.000000, 499.000000, 9999.000000, 581.000000
distance_sensors, DistanceSensor, 21035, 9999.000000, 499.000000, 9999.000000, 581.000000
distance_sensors, DistanceSensor, 21045, 9999.000000, 474.000000, 9999.000000, 581.000000
distance_sensors, DistanceSensor, 21055, 9999.000000, 474.000000, 9999.000000, 581.000000
distance_sensors, DistanceSensor, 21065, 9999.000000, 474.000000, 9999.000000, 538.000000
distance_sensors, DistanceSensor, 21075, 9999.000000, 474.000000, 9999.000000, 538.000000
distance_sensors, DistanceSensor, 21085, 9999.000000, 484.000000, 9999.000000, 538.000000
distance_sensors, DistanceSensor, 21095, 9999.000000, 484.000000, 9999.000000, 526.000000
distance_sensors, DistanceSensor, 21105, 9999.000000, 484.000000, 9999.000000, 526.000000
distance_sensors, DistanceSensor, 21115, 9999.000000, 511.000000, 9999.000000, 526.000000
distance_sensors, DistanceSensor, 21125, 9999.000000, 511.000000, 713.000000, 526.000000
distance_sensors, DistanceSensor, 21135, 9999.000000, 511.000000, 713.000000, 534.000000
distance_sensors, DistanceSensor, 21145, 9999.000000, 511.000000, 713.000000, 534.000000
distance_sensors, DistanceSensor, 21155, 9999.000000, 557.000000, 9999.000000, 534.000000
distance_sensors, DistanceSensor, 21165, 9999.000000, 557.000000, 9999.000000, 555.000000
distance_sensors, DistanceSensor, 21175, 9999.000000, 557.000000, 9999.000000, 555.000000
distance_sensors, DistanceSensor, 21185, 9999.000000, 612.000000, 9999.000000, 555.000000
distance_sensors, DistanceSensor, 21195, 9999.000000, 612.000000, 866.000000, 555.000000
distance_sensors, DistanceSensor, 21205, 9999.000000, 612.000000, 866.000000, 584.000000
distance_sensors, DistanceSensor, 21215, 9999.000000, 612.000000, 866.000000, 584.000000
distance_sensors, DistanceSensor, 21225, 9999.000000, 668.000000, 866.000000, 584.000000
distance_sensors, DistanceSensor, 21235, 9999.000000, 668.000000, 801.000000, 611.000000
distance_sensors, DistanceSensor, 21245, 9999.000000, 668.000000, 801.000000, 611.000000
distance_sensors, DistanceSensor, 21255, 9999.000000, 674.000000, 801.000000, 611.000000
distance_sensors, DistanceSensor, 21265, 9999.000000, 674.000000, 779.000000, 611.000000
distance_sensors, DistanceSensor, 21275, 9999.000000, 674.000000, 779.000000, 633.000000
distance_sensors, DistanceSensor, 21285, 9999.000000, 674.000000, 779.000000, 633.000000
distance_sensors, DistanceSensor, 21295, 9999.000000, 609.000000, 779.000000, 633.000000
distance_sensors, DistanceSensor, 21305, 9999.000000, 609.000000, 752.000000, 651.000000
distance_sensors, DistanceSensor, 21315, 9999.000000, 609.000000, 752.000000, 651.000000
distance_sensors, DistanceSensor, 21325, 9999.000000, 594.000000, 752.000000, 651.000000
distance_sensors, DistanceSensor, 21335, 9999.000000, 594.000000, 740.000000, 651.000000
distance_sensors, DistanceSensor, 21345, 9999.000000, 594.000000, 740.000000, 655.000000
distance_sensors, DistanceSensor, 21355, 9999.000000, 594.000000, 740.000000, 655.000000
distance_sensors, DistanceSensor, 21365, 9999.000000, 586.000000, 740.000000, 655.000000
distance_sensors, DistanceSensor, 21375, 9999.000000, 586.000000, 738.000000, 660.000000
distance_sensors, DistanceSensor, 21385, 9999.000000, 586.000000, 738.000000, 660.000000
distance_sensors, DistanceSensor, 21395, 9999.000000, 594.000000, 738.000000, 660.000000
distance_sensors, DistanceSensor, 21405, 9999.000000, 594.000000, 747.000000, 660.000000
distance_sensors, DistanceSensor, 21415, 9999.000000, 594.000000, 747.000000, 656.000000
distance_sensors, DistanceSensor, 21425, 9999.000000, 594.000000, 747.000000, 656.000000
distance_sensors, DistanceSensor, 21435, 9999.000000, 591.000000, 747.000000, 656.000000
distance_sensors, DistanceSensor, 21445, 9999.000000, 591.000000, 747.000000, 656.000000
distance_sensors, DistanceSensor, 21455, 9999.000000, 591.000000, 747.000000, 653.000000
distance_sensors, DistanceSensor, 21465, 9999.000000, 591.000000, 747.000000, 653.000000
distance_sensors, DistanceSensor, 21475, 9999.000000, 592.000000, 738.000000, 653.000000
distance_sensors, DistanceSensor, 21485, 9999.000000, 592.000000, 738.000000, 653.000000
distance_sensors, DistanceSensor, 21495, 9999.000000, 592.000000, 738.000000, 653.000000
distance_sensors, DistanceSensor, 21505, 9999.000000, 601.000000, 738.000000, 653.000000
distance_sensors, DistanceSensor, 21515, 9999.000000, 601.000000, 751.000000, 653.000000
distance_sensors, DistanceSensor, 21525, 9999.000000, 601.000000, 751.000000, 643.000000
distance_sensors, DistanceSensor, 21535, 9999.000000, 601.000000, 751.000000, 643.000000
distance_sensors, DistanceSensor, 21545, 9999.000000, 612.000000, 765.000000, 643.000000
distance_sensors, DistanceSensor, 21555, 9999.000000, 612.000000, 765.000000, 633.000000
distance_sensors, DistanceSensor, 21565, 9999.000000, 612.000000, 765.000000, 633.000000
distance_sensors, DistanceSensor, 21575, 9999.000000, 634.000000, 765.000000, 633.000000
distance_sensors, DistanceSensor, 21585, 9999.000000, 634.000000, 772.000000, 633.000000
distance_sensors, DistanceSensor, 21595, 9999.000000, 634.000000, 772.000000, 621.000000
distance_sensors, DistanceSensor, 21605, 9999.000000, 634.000000, 772.000000, 621.000000
distance_sensors, DistanceSensor, 21615, 9999.000000, 673.000000, 785.000000, 621.000000
distance_sensors, DistanceSensor, 21625, 9999.000000, 673.000000, 785.000000, 616.000000
distance_sensors, DistanceSensor, 21635, 9999.000000, 673.000000, 785.000000, 616.000000
distance_sensors, DistanceSensor, 21645, 9999.000000, 675.000000, 785.000000, 616.000000
distance_sensors, DistanceSensor, 21655, 9999.000000, 675.000000, 802.000000, 616.000000
distance_sensors, DistanceSensor, 21665, 9999.000000, 675.000000, 802.000000, 622.000000
distance_sensors, DistanceSensor, 21675, 9999.000000, 675.000000, 802.000000, 622.000000
distance_sensors, DistanceSensor, 21685, 9999.000000, 674.000000, 781.000000, 622.000000
distance_sensors, DistanceSensor, 21695, 9999.000000, 674.000000, 781.000000, 634.000000
distance_sensors, DistanceSensor, 21705, 9999.000000, 674.000000, 781.000000, 634.000000
distance_sensors, DistanceSensor, 21715, 9999.000000, 664.000000, 781.000000, 634.000000
distance_sensors, DistanceSensor, 21725, 9999.000000, 664.000000, 801.000000, 634.000000
distance_sensors, DistanceSensor, 21735, 9999.000000, 664.000000, 801.000000, 654.000000
distance_sensors, DistanceSensor, 21745, 9999.000000, 664.000000, 801.000000, 654.000000
distance_sensors, DistanceSensor, 21755, 9999.000000, 629.000000, 765.000000, 654.000000
distance_sensors, DistanceSensor, 21765, 9999.000000, 629.000000, 765.000000, 672.000000
distance_sensors, DistanceSensor, 21775, 9999.000000, 629.000000, 765.000000, 672.000000
distance_sensors, DistanceSensor, 21785, 9999.000000, 604.000000, 765.000000, 672.000000
distance_sensors, DistanceSensor, 21795, 9999.000000, 604.000000, 737.000000, 672.000000
distance_sensors, DistanceSensor, 21805, 9999.000000, 604.000000, 737.000000, 698.000000
distance_sensors, DistanceSensor, 21815, 9999.000000, 604.000000, 737.000000, 698.000000
distance_sensors, DistanceSensor, 21825, 9999.000000, 578.000000, 745.000000, 698.000000
distance_sensors, DistanceSensor, 21835, 9999.000000, 578.000000, 745.000000, 729.000000
distance_sensors, DistanceSensor, 21845, 9999.000000, 578.000000, 745.000000, 729.000000
distance_sensors, DistanceSensor, 21855, 9999.000000, 552.000000, 745.000000, 729.000000
distance_sensors, DistanceSensor, 21865, 9999.000000, 552.000000, 705.000000, 729.000000
distance_sensors, DistanceSensor, 21875, 9999.000000, 552.000000, 705.000000, 758.000000
distance_sensors, DistanceSensor, 21885, 9999.000000, 552.000000, 705.000000, 758.000000
distance_sensors, DistanceSensor, 21895, 9999.000000, 526.000000, 705.000000, 758.000000
distance_sensors, DistanceSensor, 21905, 9999.000000, 526.000000, 686.000000, 792.000000
distance_sensors, DistanceSensor, 21915, 9999.000000, 526.000000, 686.000000, 792.000000
distance_sensors, DistanceSensor, 21925, 9999.000000, 494.000000, 686.000000, 792.000000
distance_sensors, DistanceSensor, 21935, 9999.000000, 494.000000, 657.000000, 792.000000
distance_sensors, DistanceSensor, 21945, 9999.000000, 494.000000, 657.000000, 833.000000
distance_sensors, DistanceSensor, 21955, 9999.000000, 494.000000, 657.000000, 833.000000
distance_sensors, DistanceSensor, 21965, 9999.000000, 466.000000, 657.000000, 833.000000
distance_sensors, DistanceSensor, 21975, 9999.000000, 466.000000, 623.000000, 833.000000
distance_sensors, DistanceSensor, 21985, 9999.000000, 466.000000, 623.000000, 868.000000
distance_sensors, DistanceSensor, 21995, 9999.000000, 438.000000, 623.000000, 868.000000
distance_sensors, DistanceSensor, 22005, 9999.000000, 438.000000, 598.000000, 868.000000
distance_sensors, DistanceSensor, 22015, 9999.000000, 438.000000, 598.000000, 904.000000
distance_sensors, DistanceSensor, 22025, 9999.000000, 438.000000, 598.000000, 904.000000
distance_sensors, DistanceSensor, 22035, 9999.000000, 405.000000, 598.000000, 904.000000
distance_sensors, DistanceSensor, 22045, 9999.000000, 405.000000, 567.000000, 904.000000
distance_sensors, DistanceSensor, 22055, 9999.000000, 405.000000, 567.000000, 941.000000
distance_sensors, DistanceSensor, 22065, 9999.000000, 405.000000, 567.000000, 941.000000
distance_sensors, DistanceSensor, 22075, 9999.000000, 373.000000, 533.000000, 941.000000
distance_sensors, DistanceSensor, 22085, 9999.000000, 373.000000, 533.000000, 981.000000
distance_sensors, DistanceSensor, 22095, 9999.000000, 373.000000, 533.000000, 981.000000
distance_sensors, DistanceSensor, 22105, 9999.000000, 352.000000, 533.000000, 981.000000
distance_sensors, DistanceSensor, 22115, 9999.000000, 352.000000, 505.000000, 981.000000
distance_sensors, DistanceSensor, 22125, 9999.000000, 352.000000, 505.000000, 1016.000000
distance_sensors, DistanceSensor, 22135, 9999.000000, 333.000000, 505.000000, 1016.000000
distance_sensors, DistanceSensor, 22145, 9999.000000, 333.000000, 471.000000, 1016.000000
distance_sensors, DistanceSensor, 22155, 9999.000000, 333.000000, 471.000000, 1053.000000
distance_sensors, DistanceSensor, 22165, 9999.000000, 333.000000, 471.000000, 1053.000000
distance_sensors, DistanceSensor, 22175, 9999.000000, 320.000000, 471.000000, 1053.000000
distance_sensors, DistanceSensor, 22185, 9999.000000, 320.000000, 441.000000, 1053.000000
distance_sensors, DistanceSensor, 22195, 9999.000000, 320.000000, 441.000000, 1096.000000
distance_sensors, DistanceSensor, 22205, 9999.000000, 306.000000, 441.000000, 1096.000000
distance_sensors, DistanceSensor, 22215, 9999.000000, 306.000000, 413.000000, 1096.000000
distance_sensors, DistanceSensor, 22225, 9999.000000, 306.000000, 413.000000, 1140.000000
distance_sensors, DistanceSensor, 22235, 9999.000000, 306.000000, 413.000000, 1140.000000
distance_sensors, DistanceSensor, 22245, 9999.000000, 291.000000, 413.000000, 1140.000000
distance_sensors, DistanceSensor, 22255, 9999.000000, 291.000000, 389.000000, 1140.000000
distance_sensors, DistanceSensor, 22265, 9999.000000, 291.000000, 389.000000, 1153.000000
distance_sensors, DistanceSensor, 22275, 9999.000000, 291.000000, 389.000000, 1153.000000
distance_sensors, DistanceSensor, 22285, 9999.000000, 283.000000, 376.000000, 1153.000000
distance_sensors, DistanceSensor, 22295, 9999.000000, 283.000000, 376.000000, 1178.000000
distance_sensors, DistanceSensor, 22305, 9999.000000, 283.000000, 376.000000, 1178.000000
distance_sensors, DistanceSensor, 22315, 9999.000000, 272.000000, 376.000000, 1178.000000
distance_sensors, DistanceSensor, 22325, 9999.000000, 272.000000, 364.000000, 1178.000000
distance_sensors, DistanceSensor, 22335, 9999.000000, 272.000000, 364.000000, 1189.000000
distance_sensors, DistanceSensor, 22345, 9999.000000, 272.000000, 364.000000, 1189.000000
distance_sensors, DistanceSensor, 22355, 9999.000000, 268.000000, 355.000000, 1189.000000
distance_sensors, DistanceSensor, 22365, 9999.000000, 268.000000, 355.000000, 1205.000000
distance_sensors, DistanceSensor, 22375, 9999.000000, 268.000000, 355.000000, 1205.000000
distance_sensors, DistanceSensor, 22385, 9999.000000, 263.000000, 355.000000, 1205.000000
distance_sensors, DistanceSensor, 22395, 9999.000000, 263.000000, 345.000000, 1205.000000
distance_sensors, DistanceSensor, 22405, 9999.000000, 263.000000, 345.000000, 1214.000000
distance_sensors, DistanceSensor, 22415, 9999.000000, 263.000000, 345.000000, 1214.000000
distance_sensors, DistanceSensor, 22425, 9999.000000, 260.000000, 343.000000, 1214.000000
distance_sensors, DistanceSensor, 22435, 9999.000000, 260.000000, 343.000000, 1210.000000
distance_sensors, DistanceSensor, 22445, 9999.000000, 260.000000, 343.000000, 1210.000000
distance_sensors, DistanceSensor, 22455, 9999.000000, 264.000000, 343.000000, 1210.000000
distance_sensors, DistanceSensor, 22465, 9999.000000, 264.000000, 340.000000, 1210.000000
distance_sensors, DistanceSensor, 22475, 9999.000000, 264.000000, 340.000000, 1216.000000
distance_sensors, DistanceSensor, 22485, 9999.000000, 264.000000, 340.000000, 1216.000000
distance_sensors, DistanceSensor, 22495, 9999.000000, 258.000000, 338.000000, 1216.000000
distance_sensors, DistanceSensor, 22505, 9999.000000, 258.000000, 338.000000, 1216.000000
distance_sensors, DistanceSensor, 22515, 9999.000000, 258.000000, 338.000000, 1212.000000
distance_sensors, DistanceSensor, 22525, 9999.000000, 256.000000, 338.000000, 1212.000000
distance_sensors, DistanceSensor, 22535, 9999.000000, 256.000000, 336.000000, 1212.000000
distance_sensors, DistanceSensor, 22545, 9999.000000, 256.000000, 336.000000, 1209.000000
distance_sensors, DistanceSensor, 22555, 9999.000000, 256.000000, 336.000000, 1209.000000
distance_sensors, DistanceSensor, 22565, 9999.000000, 259.000000, 337.000000, 1209.000000
distance_sensors, DistanceSensor, 22575, 9999.000000, 259.000000, 337.000000, 1209.000000
distance_sensors, DistanceSensor, 22585, 9999.000000, 259.000000, 337.000000, 1213.000000
distance_sensors, DistanceSensor, 22595, 9999.000000, 258.000000, 337.000000, 1213.000000
distance_sensors, DistanceSensor, 22605, 9999.000000, 258.000000, 339.000000, 1213.000000
distance_sensors, DistanceSensor, 22615, 9999.000000, 258.000000, 339.000000, 1209.000000
distance_sensors, DistanceSensor, 22625, 9999.000000, 258.000000, 339.000000, 1209.000000
distance_sensors, DistanceSensor, 22635, 9999.000000, 258.000000, 339.000000, 1209.000000
distance_sensors, DistanceSensor, 22645, 9999.000000, 258.000000, 341.000000, 1209.000000
distance_sensors, DistanceSensor, 22655, 9999.000000, 258.000000, 341.000000, 1214.000000
distance_sensors, DistanceSensor, 22665, 9999.000000, 259.000000, 341.000000, 1214.000000
distance_sensors, DistanceSensor, 22675, 9999.000000, 259.000000, 342.000000, 1214.000000
distance_sensors, DistanceSensor, 22685, 9999.000000, 259.000000, 342.000000, 1218.000000
distance_sensors, DistanceSensor, 22695, 9999.000000, 259.000000, 342.000000, 1218.000000
distance_sensors, DistanceSensor, 22705, 9999.000000, 257.000000, 342.000000, 1218.000000
distance_sensors, DistanceSensor, 22715, 9999.000000, 257.000000, 339.000000, 1218.000000
distance_sensors, DistanceSensor, 22725, 9999.000000, 257.000000, 339.000000, 1213.000000
distance_sensors, DistanceSensor, 22735, 9999.000000, 257.000000, 339.000000, 1213.000000
distance_sensors, DistanceSensor, 22745, 9999.000000, 258.000000, 343.000000, 1213.000000
distance_sensors, DistanceSensor, 22755, 9999.000000, 258.000000, 343.000000, 1210.000000
distance_sensors, DistanceSensor, 22765, 9999.000000, 258.000000, 343.000000, 1210.000000
distance_sensors, DistanceSensor, 22775, 9999.000000, 253.000000, 343.000000, 1210.000000
distance_sensors, DistanceSensor, 22785, 9999.000000, 253.000000, 342.000000, 1210.000000
distance_sensors, DistanceSensor, 22795, 9999.000000, 253.000000, 342.000000, 1180.000000
distance_sensors, DistanceSensor, 22805, 9999.000000, 253.000000, 342.000000, 1180.000000
distance_sensors, DistanceSensor, 22815, 9999.000000, 237.000000, 350.000000, 1180.000000
distance_sensors, DistanceSensor, 22825, 9999.000000, 237.000000, 350.000000, 1157.000000
distance_sensors, DistanceSensor, 22835, 9999.000000, 237.000000, 350.000000, 1157.000000
distance_sensors, DistanceSensor, 22845, 9999.000000, 219.000000, 350.000000, 1157.000000
distance_sensors, DistanceSensor, 22855, 9999.000000, 219.000000, 392.000000, 1157.000000
distance_sensors, DistanceSensor, 22865, 9999.000000, 219.000000, 392.000000, 1123.000000
distance_sensors, DistanceSensor, 22875, 9999.000000, 219.000000, 392.000000, 1123.000000
distance_sensors, DistanceSensor, 22885, 9999.000000, 199.000000, 434.000000, 1123.000000
distance_sensors, DistanceSensor, 22895, 9999.000000, 199.000000, 434.000000, 1091.000000
distance_sensors, DistanceSensor, 22905, 9999.000000, 199.000000, 434.000000, 1091.000000
distance_sensors, DistanceSensor, 22915, 9999.000000, 179.000000, 434.000000, 1091.000000
distance_sensors, DistanceSensor, 22925, 9999.000000, 179.000000, 744.000000, 1091.000000
distance_sensors, DistanceSensor, 22935, 9999.000000, 179.000000, 744.000000, 1073.000000
distance_sensors, DistanceSensor, 22945, 9999.000000, 179.000000, 744.000000, 1073.000000
distance_sensors, DistanceSensor, 22955, 9999.000000, 161.000000, 725.000000, 1073.000000
distance_sensors, DistanceSensor, 22965, 9999.000000, 161.000000, 725.000000, 1073.000000
distance_sensors, DistanceSensor, 22975, 9999.000000, 161.000000, 725.000000, 1073.000000
distance_sensors, DistanceSensor, 22985, 9999.000000, 146.000000, 725.000000, 1073.000000
distance_sensors, DistanceSensor, 22995, 9999.000000, 146.000000, 9999.000000, 1073.000000
distance_sensors, DistanceSensor, 23005, 9999.000000, 146.000000, 9999.000000, 1082.000000
distance_sensors, DistanceSensor, 23015, 9999.000000, 146.000000, 9999.000000, 1082.000000
distance_sensors, DistanceSensor, 23025, 9999.000000, 135.000000, 9999.000000, 1082.000000
distance_sensors, DistanceSensor, 23035, 9999.000000, 135.000000, 9999.000000, 1082.000000
distance_sensors, DistanceSensor, 23045, 9999.000000, 135.000000, 9999.000000, 1094.000000
distance_sensors, DistanceSensor, 23055, 9999.000000, 135.000000, 9999.000000, 1094.000000
distance_sensors, DistanceSensor, 23065, 9999.000000, 128.000000, 9999.000000, 1094.000000
distance_sensors, DistanceSensor, 23075, 9999.000000, 128.000000, 9999.000000, 484.000000
distance_sensors, DistanceSensor, 23085, 9999.000000, 128.000000, 9999.000000, 484.000000
distance_sensors, DistanceSensor, 23095, 9999.000000, 127.000000, 9999.000000, 484.000000
distance_sensors, DistanceSensor, 23105, 9999.000000, 127.000000, 9999.000000, 484.000000
distance_sensors, DistanceSensor, 23115, 9999.000000, 127.000000, 9999.000000, 427.000000
distance_sensors, DistanceSensor, 23125, 9999.000000, 127.000000, 9999.000000, 427.000000
distance_sensors, DistanceSensor, 23135, 9999.000000, 125.000000, 9999.000000, 427.000000
distance_sensors, DistanceSensor, 23145, 9999.000000, 125.000000, 9999.000000, 407.000000
distance_sensors, DistanceSensor, 23155, 9999.000000, 125.000000, 9999.000000, 407.000000
distance_sensors, DistanceSensor, 23165, 9999.000000, 125.000000, 9999.000000, 407.000000
distance_sensors, DistanceSensor, 23175, 9999.000000, 125.000000, 9999.000000, 407.000000
distance_sensors, DistanceSensor, 23185, 9999.000000, 125.000000, 9999.000000, 414.000000
distance_sensors, DistanceSensor, 23195, 9999.000000, 125.000000, 9999.000000, 414.000000
distance_sensors, DistanceSensor, 23205, 9999.000000, 125.000000, 9999.000000, 414.000000
distance_sensors, DistanceSensor, 23215, 9999.000000, 125.000000, 9999.000000, 422.000000
distance_sensors, DistanceSensor, 23225, 9999.000000, 125.000000, 9999.000000, 422.000000
distance_sensors, DistanceSensor, 23235, 9999.000000, 125.000000, 9999.000000, 422.000000
distance_sensors, DistanceSensor, 23245, 9999.000000, 125.000000, 9999.000000, 422.000000
distance_sensors, DistanceSensor, 23255, 9999.000000, 125.000000, 9999.000000, 431.000000
distance_sensors, DistanceSensor, 23265, 9999.000000, 125.000000, 9999.000000, 431.000000
distance_sensors, DistanceSensor, 23275, 9999.000000, 127.000000, 9999.000000, 431.000000
distance_sensors, DistanceSensor, 23285, 9999.000000, 127.000000, 9999.000000, 430.000000
distance_sensors, DistanceSensor, 23295, 9999.000000, 127.000000, 9999.000000, 430.000000
distance_sensors, DistanceSensor, 23305, 9999.000000, 124.000000, 9999.000000, 430.000000
distance_sensors, DistanceSensor, 23315, 9999.000000, 124.000000, 9999.000000, 430.000000
distance_sensors, DistanceSensor, 23325, 9999.000000, 124.000000, 9999.000000, 422.000000
distance_sensors, DistanceSensor, 23335, 9999.000000, 124.000000, 9999.000000, 422.000000
distance_sensors, DistanceSensor, 23345, 9999.000000, 119.000000, 9999.000000, 422.000000
distance_sensors, DistanceSensor, 23355, 9999.000000, 119.000000, 9999.000000, 414.000000
distance_sensors, DistanceSensor, 23365, 9999.000000, 119.000000, 9999.000000, 414.000000
distance_sensors, DistanceSensor, 23375, 9999.000000, 109.000000, 9999.000000, 414.000000
distance_sensors, DistanceSensor, 23385, 9999.000000, 109.000000, 9999.000000, 414.000000
distance_sensors, DistanceSensor, 23395, 9999.000000, 109.000000, 9999.000000, 401.000000
distance_sensors, DistanceSensor, 23405, 9999.000000, 109.000000, 9999.000000, 401.000000
distance_sensors, DistanceSensor, 23415, 9999.000000, 107.000000, 9999.000000, 401.000000
distance_sensors, DistanceSensor, 23425, 9999.000000, 107.000000, 9999.000000, 410.000000
distance_sensors, DistanceSensor, 23435, 9999.000000, 107.000000, 9999.000000, 410.000000
distance_sensors, DistanceSensor, 23445, 9999.000000, 100.000000, 9999.000000, 410.000000
distance_sensors, DistanceSensor, 23455, 9999.000000, 100.000000, 9999.000000, 410.000000
distance_sensors, DistanceSensor, 23465, 9999.000000, 100.000000, 9999.000000, 408.000000
distance_sensors, DistanceSensor, 23475, 9999.000000, 100.000000, 9999.000000, 408.000000
distance_sensors, DistanceSensor, 23485, 9999.000000, 96.000000, 9999.000000, 408.000000
distance_sensors, DistanceSensor, 23495, 9999.000000, 96.000000, 9999.000000, 408.000000
distance_sensors, DistanceSensor, 23505, 9999.000000, 96.000000, 9999.000000, 405.000000
distance_sensors, DistanceSensor, 23515, 9999.000000, 96.000000, 9999.000000, 405.000000
distance_sensors, DistanceSensor, 23525, 9999.000000, 83.000000, 9999.000000, 405.000000
distance_sensors, DistanceSensor, 23535, 9999.000000, 83.000000, 9999.000000, 402.000000
distance_sensors, DistanceSensor, 23545, 9999.000000, 83.000000, 9999.000000, 402.000000
distance_sensors, DistanceSensor, 23555, 9999.000000, 78.000000, 9999.000000, 402.000000
distance_sensors, DistanceSensor, 23565, 9999.000000, 78.000000, 9999.000000, 402.000000
distance_sensors, DistanceSensor, 23575, 9999.000000, 78.000000, 9999.000000, 414.000000
distance_sensors, DistanceSensor, 23585, 9999.000000, 78.000000, 9999.000000, 414.000000
distance_sensors, DistanceSensor, 23595, 9999.000000, 72.000000, 9999.000000, 414.000000
distance_sensors, DistanceSensor, 23605, 9999.000000, 72.000000, 9999.000000, 420.000000
distance_sensors, DistanceSensor, 23615, 9999.000000, 72.000000, 9999.000000, 420.000000
distance_sensors, DistanceSensor, 23625, 9999.000000, 60.000000, 9999.000000, 420.000000
distance_sensors, DistanceSensor, 23635, 9999.000000, 60.000000, 9999.000000, 420.000000
distance_sensors, DistanceSensor, 23645, 9999.000000, 60.000000, 9999.000000, 427.000000
distance_sensors, DistanceSensor, 23655, 9999.000000, 60.000000, 9999.000000, 427.000000
distance_sensors, DistanceSensor, 23665, 9999.000000, 51.000000, 9999.000000, 427.000000
distance_sensors, DistanceSensor, 23675, 9999.000000, 51.000000, 9999.000000, 444.000000
distance_sensors, DistanceSensor, 23685, 9999.000000, 51.000000, 9999.000000, 444.000000
distance_sensors, DistanceSensor, 23695, 9999.000000, 44.000000, 9999.000000, 444.000000
distance_sensors, DistanceSensor, 23705, 9999.000000, 44.000000, 9999.000000, 444.000000
distance_sensors, DistanceSensor, 23715, 9999.000000, 44.000000, 9999.000000, 471.000000
distance_sensors, DistanceSensor, 23725, 9999.000000, 44.000000, 9999.000000, 471.000000
distance_sensors, DistanceSensor, 23735, 9999.000000, 37.000000, 9999.000000, 471.000000
distance_sensors, DistanceSensor, 23745, 9999.000000, 37.000000, 9999.000000, 676.000000
distance_sensors, DistanceSensor, 23755, 9999.000000, 37.000000, 9999.000000, 676.000000
distance_sensors, DistanceSensor, 23765, 9999.000000, 32.000000, 1126.000000, 676.000000
distance_sensors, DistanceSensor, 23775, 9999.000000, 32.000000, 1126.000000, 676.000000
distance_sensors, DistanceSensor, 23785, 9999.000000, 32.000000, 1126.000000, 630.000000
distance_sensors, DistanceSensor, 23795, 9999.000000, 32.000000, 1126.000000, 630.000000
distance_sensors, DistanceSensor, 23805, 9999.000000, 33.000000, 1183.000000, 630.000000
distance_sensors, DistanceSensor, 23815, 9999.000000, 33.000000, 1183.000000, 579.000000
distance_sensors, DistanceSensor, 23825, 9999.000000, 33.000000, 1183.000000, 579.000000
distance_sensors, DistanceSensor, 23835, 9999.000000, 31.000000, 1183.000000, 579.000000
distance_sensors, DistanceSensor, 23845, 9999.000000, 31.000000, 1234.000000, 579.000000
distance_sensors, DistanceSensor, 23855, 9999.000000, 31.000000, 1234.000000, 535.000000
distance_sensors, DistanceSensor, 23865, 9999.000000, 31.000000, 1234.000000, 535.000000
distance_sensors, DistanceSensor, 23875, 9999.000000, 30.000000, 1258.000000, 535.000000
distance_sensors, DistanceSensor, 23885, 9999.000000, 30.000000, 1258.000000, 488.000000
distance_sensors, DistanceSensor, 23895, 9999.000000, 30.000000, 1258.000000, 488.000000
distance_sensors, DistanceSensor, 23905, 9999.000000, 29.000000, 1258.000000, 488.000000
distance_sensors, DistanceSensor, 23915, 9999.000000, 29.000000, 9999.000000, 488.000000
distance_sensors, DistanceSensor, 23925, 9999.000000, 29.000000, 9999.000000, 191.000000
distance_sensors, DistanceSensor, 23935, 9999.000000, 29.000000, 9999.000000, 191.000000
distance_sensors, DistanceSensor, 23945, 9999.000000, 29.000000, 9999.000000, 191.000000
distance_sensors, DistanceSensor, 23955, 9999.000000, 29.000000, 9999.000000, 167.000000
distance_sensors, DistanceSensor, 23965, 9999.000000, 29.000000, 9999.000000, 167.000000
distance_sensors, DistanceSensor, 23975, 9999.000000, 29.000000, 9999.000000, 167.000000
distance_sensors, DistanceSensor, 23985, 9999.000000, 29.000000, 152.000000, 167.000000
distance_sensors, DistanceSensor, 23995, 9999.000000, 29.000000, 152.000000, 157.000000
distance_sensors, DistanceSensor, 24005, 9999.000000, 29.000000, 152.000000, 157.000000
distance_sensors, DistanceSensor, 24015, 9999.000000, 30.000000, 181.000000, 157.000000
distance_sensors, DistanceSensor, 24025, 9999.000000, 30.000000, 181.000000, 181.000000
distance_sensors, DistanceSensor, 24035, 9999.000000, 30.000000, 181.000000, 181.000000
distance_sensors, DistanceSensor, 24045, 9999.000000, 30.000000, 181.000000, 181.000000
distance_sensors, DistanceSensor, 24055, 9999.000000, 38.000000, 204.000000, 181.000000
distance_sensors, DistanceSensor, 24065, 9999.000000, 38.000000, 204.000000, 190.000000
distance_sensors, DistanceSensor, 24075, 9999.000000, 38.000000, 204.000000, 190.000000
distance_sensors, DistanceSensor, 24085, 9999.000000, 52.000000, 224.000000, 190.000000
distance_sensors, DistanceSensor, 24095, 9999.000000, 52.000000, 224.000000, 178.000000
distance_sensors, DistanceSensor, 24105, 9999.000000, 52.000000, 224.000000, 178.000000
distance_sensors, DistanceSensor, 24115, 9999.000000, 52.000000, 224.000000, 178.000000
distance_sensors, DistanceSensor, 24125, 9999.000000, 49.000000, 9999.000000, 178.000000
distance_sensors, DistanceSensor, 24135, 9999.000000, 49.000000, 9999.000000, 185.000000
distance_sensors, DistanceSensor, 24145, 9999.000000, 49.000000, 9999.000000, 185.000000
distance_sensors, DistanceSensor, 24155, 9999.000000, 47.000000, 9999.000000, 185.000000
distance_sensors, DistanceSensor, 24165, 9999.000000, 47.000000, 9999.000000, 334.000000
distance_sensors, DistanceSensor, 24175, 9999.000000, 47.000000, 9999.000000, 334.000000
distance_sensors, DistanceSensor, 24185, 9999.000000, 47.000000, 9999.000000, 334.000000
distance_sensors, DistanceSensor, 24195, 9999.000000, 48.000000, 9999.000000, 334.000000
distance_sensors, DistanceSensor, 24205, 9999.000000, 48.000000, 9999.000000, 339.000000
distance_sensors, DistanceSensor, 24215, 9999.000000, 48.000000, 9999.000000, 339.000000
distance_sensors, DistanceSensor, 24225, 9999.000000, 46.000000, 1433.000000, 339.000000
distance_sensors, DistanceSensor, 24235, 9999.000000, 46.000000, 1433.000000, 339.000000
distance_sensors, DistanceSensor, 24245, 9999.000000, 46.000000, 1433.000000, 342.000000
distance_sensors, DistanceSensor, 24255, 9999.000000, 46.000000, 1433.000000, 342.000000
distance_sensors, DistanceSensor, 24265, 9999.000000, 46.000000, 9999.000000, 342.000000
distance_sensors, DistanceSensor, 24275, 9999.000000, 46.000000, 9999.000000, 343.000000
distance_sensors, DistanceSensor, 24285, 9999.000000, 46.000000, 9999.000000, 343.000000
distance_sensors, DistanceSensor, 24295, 9999.000000, 47.000000, 9999.000000, 343.000000
distance_sensors, DistanceSensor, 24305, 9999.000000, 47.000000, 9999.000000, 343.000000
distance_sensors, DistanceSensor, 24315, 9999.000000, 47.000000, 9999.000000, 347.000000
distance_sensors, DistanceSensor, 24325, 9999.000000, 47.000000, 9999.000000, 347.000000
distance_sensors, DistanceSensor, 24335, 9999.000000, 54.000000, 208.000000, 347.000000
distance_sensors, DistanceSensor, 24345, 9999.000000, 54.000000, 208.000000, 347.000000
distance_sensors, DistanceSensor, 24355, 9999.000000, 54.000000, 208.000000, 347.000000
distance_sensors, DistanceSensor, 24365, 9999.000000, 61.000000, 197.000000, 347.000000
distance_sensors, DistanceSensor, 24375, 9999.000000, 61.000000, 197.000000, 347.000000
distance_sensors, DistanceSensor, 24385, 9999.000000, 61.000000, 197.000000, 355.000000
distance_sensors, DistanceSensor, 24395, 9999.000000, 61.000000, 197.000000, 355.000000
distance_sensors, DistanceSensor, 24405, 9999.000000, 71.000000, 191.000000, 355.000000
distance_sensors, DistanceSensor, 24415, 9999.000000, 71.000000, 191.000000, 361.000000
distance_sensors, DistanceSensor, 24425, 9999.000000, 71.000000, 191.000000, 361.000000
distance_sensors, DistanceSensor, 24435, 9999.000000, 90.000000, 200.000000, 361.000000
distance_sensors, DistanceSensor, 24445, 9999.000000, 90.000000, 200.000000, 361.000000
distance_sensors, DistanceSensor, 24455, 9999.000000, 90.000000, 200.000000, 377.000000
distance_sensors, DistanceSensor, 24465, 9999.000000, 90.000000, 200.000000, 377.000000
distance_sensors, DistanceSensor, 24475, 9999.000000, 111.000000, 208.000000, 377.000000
distance_sensors, DistanceSensor, 24485, 9999.000000, 111.000000, 208.000000, 377.000000
distance_sensors, DistanceSensor, 24495, 9999.000000, 111.000000, 208.000000, 393.000000
distance_sensors, DistanceSensor, 24505, 9999.000000, 134.000000, 214.000000, 393.000000
distance_sensors, DistanceSensor, 24515, 9999.000000, 134.000000, 214.000000, 393.000000
distance_sensors, DistanceSensor, 24525, 9999.000000, 134.000000, 214.000000, 411.000000
distance_sensors, DistanceSensor, 24535, 9999.000000, 134.000000, 214.000000, 411.000000
distance_sensors, DistanceSensor, 24545, 9999.000000, 163.000000, 226.000000, 411.000000
distance_sensors, DistanceSensor, 24555, 9999.000000, 163.000000, 226.000000, 411.000000
distance_sensors, DistanceSensor, 24565, 9999.000000, 163.000000, 226.000000, 430.000000
distance_sensors, DistanceSensor, 24575, 9999.000000, 188.000000, 237.000000, 430.000000
distance_sensors, DistanceSensor, 24585, 9999.000000, 188.000000, 237.000000, 430.000000
distance_sensors, DistanceSensor, 24595, 9999.000000, 188.000000, 237.000000, 452.000000
distance_sensors, DistanceSensor, 24605, 9999.000000, 188.000000, 237.000000, 452.000000
distance_sensors, DistanceSensor, 24615, 9999.000000, 227.000000, 250.000000, 452.000000
distance_sensors, DistanceSensor, 24625, 9999.000000, 227.000000, 250.000000, 452.000000
distance_sensors, DistanceSensor, 24635, 9999.000000, 227.000000, 250.000000, 480.000000
distance_sensors, DistanceSensor, 24645, 9999.000000, 265.000000, 260.000000, 480.000000
distance_sensors, DistanceSensor, 24655, 9999.000000, 265.000000, 260.000000, 480.000000
distance_sensors, DistanceSensor, 24665, 9999.000000, 265.000000, 260.000000, 514.000000
distance_sensors, DistanceSensor, 24675, 9999.000000, 265.000000, 260.000000, 514.000000
distance_sensors, DistanceSensor, 24685, 9999.000000, 320.000000, 277.000000, 514.000000
distance_sensors, DistanceSensor, 24695, 9999.000000, 320.000000, 277.000000, 514.000000
distance_sensors, DistanceSensor, 24705, 9999.000000, 320.000000, 277.000000, 559.000000
distance_sensors, DistanceSensor, 24715, 9999.000000, 320.000000, 277.000000, 559.000000
distance_sensors, DistanceSensor, 24725, 9999.000000, 411.000000, 292.000000, 559.000000
distance_sensors, DistanceSensor, 24735, 9999.000000, 411.000000, 292.000000, 626.000000
distance_sensors, DistanceSensor, 24745, 9999.000000, 411.000000, 292.000000, 626.000000
distance_sensors, DistanceSensor, 24755, 9999.000000, 422.000000, 312.000000, 626.000000
distance_sensors, DistanceSensor, 24765, 9999.000000, 422.000000, 312.000000, 626.000000
distance_sensors, DistanceSensor, 24775, 9999.000000, 422.000000, 312.000000, 727.000000
distance_sensors, DistanceSensor, 24785, 9999.000000, 422.000000, 312.000000, 727.000000
distance_sensors, DistanceSensor, 24795, 9999.000000, 395.000000, 322.000000, 727.000000
distance_sensors, DistanceSensor, 24805, 9999.000000, 395.000000, 322.000000, 934.000000
distance_sensors, DistanceSensor, 24815, 9999.000000, 395.000000, 322.000000, 934.000000
distance_sensors, DistanceSensor, 24825, 9999.000000, 380.000000, 340.000000, 934.000000
distance_sensors, DistanceSensor, 24835, 9999.000000, 380.000000, 340.000000, 934.000000
distance_sensors, DistanceSensor, 24845, 9999.000000, 380.000000, 340.000000, 137.000000
distance_sensors, DistanceSensor, 24855, 9999.000000, 380.000000, 340.000000, 137.000000
distance_sensors, DistanceSensor, 24865, 9999.000000, 377.000000, 366.000000, 137.000000
distance_sensors, DistanceSensor, 24875, 9999.000000, 377.000000, 366.000000, 9999.000000
distance_sensors, DistanceSensor, 24885, 9999.000000, 377.000000, 366.000000, 9999.000000
distance_sensors, DistanceSensor, 24895, 9999.000000, 382.000000, 393.000000, 9999.000000
distance_sensors, DistanceSensor, 24905, 9999.000000, 382.000000, 393.000000, 9999.000000
distance_sensors, DistanceSensor, 24915, 9999.000000, 382.000000, 393.000000, 9999.000000
distance_sensors, DistanceSensor, 24925, 9999.000000, 382.000000, 393.000000, 9999.000000
distance_sensors, DistanceSensor, 24935, 9999.000000, 389.000000, 417.000000, 9999.000000
distance_sensors, DistanceSensor, 24945, 9999.000000, 389.000000, 417.000000, 9999.000000
distance_sensors, DistanceSensor, 24955, 9999.000000, 389.000000, 417.000000, 9999.000000
distance_sensors, DistanceSensor, 24965, 9999.000000, 409.000000, 459.000000, 9999.000000
distance_sensors, DistanceSensor, 24975, 9999.000000, 409.000000, 459.000000, 9999.000000
distance_sensors, DistanceSensor, 24985, 9999.000000, 409.000000, 459.000000, 9999.000000
distance_sensors, DistanceSensor, 24995, 9999.000000, 409.000000, 459.000000, 9999.000000
distance_sensors, DistanceSensor, 25005, 9999.000000, 446.000000, 508.000000, 9999.000000
distance_sensors, DistanceSensor, 25015, 9999.000000, 446.000000, 508.000000, 9999.000000
distance_sensors, DistanceSensor, 25025, 9999.000000, 446.000000, 508.000000, 9999.000000
distance_sensors, DistanceSensor, 25035, 9999.000000, 490.000000, 557.000000, 9999.000000
distance_sensors, DistanceSensor, 25045, 1188.000000, 490.000000, 557.000000, 9999.000000
distance_sensors, DistanceSensor, 25055, 1188.000000, 490.000000, 557.000000, 9999.000000
distance_sensors, DistanceSensor, 25065, 1188.000000, 490.000000, 557.000000, 9999.000000
distance_sensors, DistanceSensor, 25075, 1188.000000, 533.000000, 598.000000, 9999.000000
distance_sensors, DistanceSensor, 25085, 828.000000, 533.000000, 598.000000, 9999.000000
distance_sensors, DistanceSensor, 25095, 828.000000, 533.000000, 598.000000, 9999.000000
distance_sensors, DistanceSensor, 25105, 828.000000, 573.000000, 598.000000, 9999.000000
distance_sensors, DistanceSensor, 25115, 743.000000, 573.000000, 641.000000, 9999.000000
distance_sensors, DistanceSensor, 25125, 743.000000, 573.000000, 641.000000, 9999.000000
distance_sensors, DistanceSensor, 25135, 743.000000, 573.000000, 641.000000, 9999.000000
distance_sensors, DistanceSensor, 25145, 743.000000, 596.000000, 652.000000, 9999.000000
distance_sensors, DistanceSensor, 25155, 723.000000, 596.000000, 652.000000, 9999.000000
distance_sensors, DistanceSensor, 25165, 723.000000, 596.000000, 652.000000, 9999.000000
distance_sensors, DistanceSensor, 25175, 723.000000, 596.000000, 652.000000, 9999.000000
distance_sensors, DistanceSensor, 25185, 726.000000, 599.000000, 655.000000, 9999.000000
distance_sensors, DistanceSensor, 25195, 726.000000, 599.000000, 655.000000, 9999.000000
distance_sensors, DistanceSensor, 25205, 726.000000, 599.000000, 655.000000, 9999.000000
distance_sensors, DistanceSensor, 25215, 726.000000, 595.000000, 654.000000, 9999.000000
distance_sensors, DistanceSensor, 25225, 735.000000, 595.000000, 654.000000, 9999.000000
distance_sensors, DistanceSensor, 25235, 735.000000, 595.000000, 654.000000, 9999.000000
distance_sensors, DistanceSensor, 25245, 735.000000, 595.000000, 654.000000, 9999.000000
distance_sensors, DistanceSensor, 25255, 735.000000, 589.000000, 652.000000, 9999.000000
distance_sensors, DistanceSensor, 25265, 730.000000, 589.000000, 652.000000, 9999.000000
distance_sensors, DistanceSensor, 25275, 730.000000, 589.000000, 652.000000, 9999.000000
distance_sensors, DistanceSensor, 25285, 730.000000, 595.000000, 653.000000, 9999.000000
distance_sensors, DistanceSensor, 25295, 728.000000, 595.000000, 653.000000, 9999.000000
distance_sensors, DistanceSensor, 25305, 728.000000, 595.000000, 653.000000, 9999.000000
distance_sensors, DistanceSensor, 25315, 728.000000, 595.000000, 653.000000, 9999.000000
distance_sensors, DistanceSensor, 25325, 728.000000, 604.000000, 660.000000, 9999.000000
distance_sensors, DistanceSensor, 25335, 686.000000, 604.000000, 660.000000, 9999.000000
distance_sensors, DistanceSensor, 25345, 686.000000, 604.000000, 660.000000, 9999.000000
distance_sensors, DistanceSensor, 25355, 686.000000, 635.000000, 667.000000, 9999.000000
distance_sensors, DistanceSensor, 25365, 643.000000, 635.000000, 667.000000, 9999.000000
distance_sensors, DistanceSensor, 25375, 643.000000, 635.000000, 667.000000, 9999.000000
distance_sensors, DistanceSensor, 25385, 643.000000, 635.000000, 667.000000, 9999.000000
distance_sensors, DistanceSensor, 25395, 643.000000, 671.000000, 671.000000, 9999.000000
distance_sensors, DistanceSensor, 25405, 599.000000, 671.000000, 671.000000, 9999.000000
distance_sensors, DistanceSensor, 25415, 599.000000, 671.000000, 671.000000, 9999.000000
distance_sensors, DistanceSensor, 25425, 599.000000, 711.000000, 621.000000, 9999.000000
distance_sensors, DistanceSensor, 25435, 565.000000, 711.000000, 621.000000, 9999.000000
distance_sensors, DistanceSensor, 25445, 565.000000, 711.000000, 621.000000, 9999.000000
distance_sensors, DistanceSensor, 25455, 565.000000, 711.000000, 621.000000, 9999.000000
distance_sensors, DistanceSensor, 25465, 565.000000, 755.000000, 611.000000, 9999.000000
distance_sensors, DistanceSensor, 25475, 534.000000, 755.000000, 611.000000, 9999.000000
distance_sensors, DistanceSensor, 25485, 534.000000, 755.000000, 611.000000, 9999.000000
distance_sensors, DistanceSensor, 25495, 534.000000, 798.000000, 607.000000, 9999.000000
distance_sensors, DistanceSensor, 25505, 504.000000, 798.000000, 607.000000, 9999.000000
distance_sensors, DistanceSensor, 25515, 504.000000, 798.000000, 607.000000, 9999.000000
distance_sensors, DistanceSensor, 25525, 504.000000, 798.000000, 607.000000, 9999.000000
distance_sensors, DistanceSensor, 25535, 504.000000, 813.000000, 593.000000, 9999.000000
distance_sensors, DistanceSensor, 25545, 496.000000, 813.000000, 593.000000, 9999.000000
distance_sensors, DistanceSensor, 25555, 496.000000, 813.000000, 593.000000, 9999.000000
distance_sensors, DistanceSensor, 25565, 496.000000, 813.000000, 583.000000, 9999.000000
distance_sensors, DistanceSensor, 25575, 478.000000, 813.000000, 583.000000, 9999.000000
distance_sensors, DistanceSensor, 25585, 478.000000, 813.000000, 583.000000, 9999.000000
distance_sensors, DistanceSensor, 25595, 478.000000, 813.000000, 583.000000, 9999.000000
distance_sensors, DistanceSensor, 25605, 478.000000, 804.000000, 569.000000, 9999.000000
distance_sensors, DistanceSensor, 25615, 465.000000, 804.000000, 569.000000, 9999.000000
distance_sensors, DistanceSensor, 25625, 465.000000, 804.000000, 569.000000, 9999.000000
distance_sensors, DistanceSensor, 25635, 465.000000, 770.000000, 555.000000, 9999.000000
distance_sensors, DistanceSensor, 25645, 456.000000, 770.000000, 555.000000, 9999.000000
distance_sensors, DistanceSensor, 25655, 456.000000, 770.000000, 555.000000, 9999.000000
distance_sensors, DistanceSensor, 25665, 456.000000, 770.000000, 555.000000, 9999.000000
distance_sensors, DistanceSensor, 25675, 456.000000, 736.000000, 539.000000, 9999.000000
distance_sensors, DistanceSensor, 25685, 441.000000, 736.000000, 539.000000, 9999.000000
distance_sensors, DistanceSensor, 25695, 441.000000, 736.000000, 539.000000, 9999.000000
distance_sensors, DistanceSensor, 25705, 441.000000, 736.000000, 523.000000, 9999.000000
distance_sensors, DistanceSensor, 25715, 411.000000, 727.000000, 523.000000, 9999.000000
distance_sensors, DistanceSensor, 25725, 411.000000, 727.000000, 523.000000, 9999.000000
distance_sensors, DistanceSensor, 25735, 411.000000, 727.000000, 523.000000, 9999.000000
distance_sensors, DistanceSensor, 25745, 411.000000, 684.000000, 500.000000, 9999.000000
distance_sensors, DistanceSensor, 25755, 404.000000, 684.000000, 500.000000, 9999.000000
distance_sensors, DistanceSensor, 25765, 404.000000, 684.000000, 500.000000, 9999.000000
distance_sensors, DistanceSensor, 25775, 404.000000, 684.000000, 500.000000, 9999.000000
distance_sensors, DistanceSensor, 25785, 404.000000, 623.000000, 505.000000, 9999.000000
distance_sensors, DistanceSensor, 25795, 421.000000, 623.000000, 505.000000, 9999.000000
distance_sensors, DistanceSensor, 25805, 421.000000, 623.000000, 505.000000, 9999.000000
distance_sensors, DistanceSensor, 25815, 421.000000, 595.000000, 506.000000, 9999.000000
distance_sensors, DistanceSensor, 25825, 442.000000, 595.000000, 506.000000, 9999.000000
distance_sensors, DistanceSensor, 25835, 442.000000, 595.000000, 506.000000, 9999.000000
distance_sensors, DistanceSensor, 25845, 442.000000, 595.000000, 506.000000, 9999.000000
distance_sensors, DistanceSensor, 25855, 442.000000, 594.000000, 505.000000, 9999.000000
distance_sensors, DistanceSensor, 25865, 442.000000, 594.000000, 505.000000, 9999.000000
distance_sensors, DistanceSensor, 25875, 442.000000, 594.000000, 505.000000, 9999.000000
distance_sensors, DistanceSensor, 25885, 442.000000, 602.000000, 506.000000, 9999.000000
distance_sensors, DistanceSensor, 25895, 436.000000, 602.000000, 506.000000, 9999.000000
distance_sensors, DistanceSensor, 25905, 436.000000, 602.000000, 506.000000, 9999.000000
distance_sensors, DistanceSensor, 25915, 436.000000, 602.000000, 506.000000, 9999.000000
distance_sensors, DistanceSensor, 25925, 436.000000, 606.000000, 501.000000, 9999.000000
distance_sensors, DistanceSensor, 25935, 430.000000, 606.000000, 501.000000, 9999.000000
distance_sensors, DistanceSensor, 25945, 430.000000, 606.000000, 501.000000, 9999.000000
distance_sensors, DistanceSensor, 25955, 430.000000, 600.000000, 506.000000, 9999.000000
distance_sensors, DistanceSensor, 25965, 437.000000, 600.000000, 506.000000, 9999.000000
distance_sensors, DistanceSensor, 25975, 437.000000, 600.000000, 506.000000, 9999.000000
distance_sensors, DistanceSensor, 25985, 437.000000, 600.000000, 506.000000, 9999.000000
distance_sensors, DistanceSensor, 25995, 437.000000, 601.000000, 506.000000, 9999.000000
distance_sensors, DistanceSensor, 26005, 432.000000, 601.000000, 506.000000, 9999.000000
distance_sensors, DistanceSensor, 26015, 432.000000, 601.000000, 506.000000, 9999.000000
distance_sensors, DistanceSensor, 26025, 432.000000, 595.000000, 509.000000, 9999.000000
distance_sensors, DistanceSensor, 26035, 438.000000, 595.000000, 509.000000, 9999.000000
distance_sensors, DistanceSensor, 26045, 438.000000, 595.000000, 509.000000, 9999.000000
distance_sensors, DistanceSensor, 26055, 438.000000, 595.000000, 509.000000, 9999.000000
distance_sensors, DistanceSensor, 26065, 438.000000, 596.000000, 506.000000, 9999.000000
distance_sensors, DistanceSensor, 26075, 440.000000, 596.000000, 506.000000, 9999.000000
distance_sensors, DistanceSensor, 26085, 440.000000, 596.000000, 506.000000, 9999.000000
distance_sensors, DistanceSensor, 26095, 440.000000, 599.000000, 509.000000, 9999.000000
distance_sensors, DistanceSensor, 26105, 438.000000, 599.000000, 509.000000, 9999.000000
distance_sensors, DistanceSensor, 26115, 438.000000, 599.000000, 509.000000, 9999.000000
distance_sensors, DistanceSensor, 26125, 438.000000, 599.000000, 509.000000, 9999.000000
distance_sensors, DistanceSensor, 26135, 438.000000, 595.000000, 509.000000, 9999.000000
distance_sensors, DistanceSensor, 26145, 436.000000, 595.000000, 509.000000, 9999.000000
distance_sensors, DistanceSensor, 26155, 436.000000, 595.000000, 509.000000, 1009.000000
distance_sensors, DistanceSensor, 26165, 436.000000, 596.000000, 507.000000, 1009.000000
distance_sensors, DistanceSensor, 26175, 439.000000, 596.000000, 507.000000, 1009.000000
distance_sensors, DistanceSensor, 26185, 439.000000, 596.000000, 507.000000, 9999.000000
distance_sensors, DistanceSensor, 26195, 439.000000, 596.000000, 507.000000, 9999.000000
distance_sensors, DistanceSensor, 26205, 439.000000, 593.000000, 505.000000, 9999.000000
distance_sensors, DistanceSensor, 26215, 437.000000, 593.000000, 505.000000, 9999.000000
distance_sensors, DistanceSensor, 26225, 437.000000, 593.000000, 505.000000, 9999.000000
distance_sensors, DistanceSensor, 26235, 437.000000, 593.000000, 508.000000, 9999.000000
distance_sensors, DistanceSensor, 26245, 438.000000, 594.000000, 508.000000, 9999.000000
distance_sensors, DistanceSensor, 26255, 438.000000, 594.000000, 508.000000, 9999.000000
distance_sensors, DistanceSensor, 26265, 438.000000, 594.000000, 508.000000, 9999.000000
distance_sensors, DistanceSensor, 26275, 438.000000, 595.000000, 508.000000, 9999.000000
distance_sensors, DistanceSensor, 26285, 437.000000, 595.000000, 508.000000, 9999.000000
distance_sensors, DistanceSensor, 26295, 437.000000, 595.000000, 508.000000, 9999.000000
distance_sensors, DistanceSensor, 26305, 437.000000, 595.000000, 509.000000, 9999.000000
distance_sensors, DistanceSensor, 26315, 437.000000, 605.000000, 509.000000, 9999.000000
distance_sensors, DistanceSensor, 26325, 431.000000, 605.000000, 509.000000, 9999.000000
distance_sensors, DistanceSensor, 26335, 431.000000, 605.000000, 509.000000, 9999.000000
distance_sensors, DistanceSensor, 26345, 431.000000, 625.000000, 505.000000, 9999.000000
distance_sensors, DistanceSensor, 26355, 415.000000, 625.000000, 505.000000, 9999.000000
distance_sensors, DistanceSensor, 26365, 415.000000, 625.000000, 505.000000, 9999.000000
distance_sensors, DistanceSensor, 26375, 415.000000, 625.000000, 501.000000, 9999.000000
distance_sensors, DistanceSensor, 26385, 415.000000, 660.000000, 501.000000, 9999.000000
distance_sensors, DistanceSensor, 26395, 393.000000, 660.000000, 501.000000, 9999.000000
distance_sensors, DistanceSensor, 26405, 393.000000, 660.000000, 501.000000, 9999.000000
distance_sensors, DistanceSensor, 26415, 393.000000, 708.000000, 498.000000, 9999.000000
distance_sensors, DistanceSensor, 26425, 373.000000, 708.000000, 498.000000, 9999.000000
distance_sensors, DistanceSensor, 26435, 373.000000, 708.000000, 498.000000, 9999.000000
distance_sensors, DistanceSensor, 26445, 373.000000, 708.000000, 498.000000, 9999.000000
distance_sensors, DistanceSensor, 26455, 373.000000, 759.000000, 502.000000, 9999.000000
distance_sensors, DistanceSensor, 26465, 361.000000, 759.000000, 502.000000, 9999.000000
distance_sensors, DistanceSensor, 26475, 361.000000, 759.000000, 502.000000, 9999.000000
distance_sensors, DistanceSensor, 26485, 361.000000, 833.000000, 507.000000, 9999.000000
distance_sensors, DistanceSensor, 26495, 350.000000, 833.000000, 507.000000, 9999.000000
distance_sensors, DistanceSensor, 26505, 350.000000, 833.000000, 507.000000, 9999.000000
distance_sensors, DistanceSensor, 26515, 350.000000, 833.000000, 507.000000, 9999.000000
distance_sensors, DistanceSensor, 26525, 350.000000, 846.000000, 507.000000, 9999.000000
distance_sensors, DistanceSensor, 26535, 339.000000, 846.000000, 507.000000, 9999.000000
distance_sensors, DistanceSensor, 26545, 339.000000, 846.000000, 507.000000, 9999.000000
distance_sensors, DistanceSensor, 26555, 339.000000, 866.000000, 505.000000, 9999.000000
distance_sensors, DistanceSensor, 26565, 330.000000, 866.000000, 505.000000, 9999.000000
distance_sensors, DistanceSensor, 26575, 330.000000, 866.000000, 505.000000, 9999.000000
distance_sensors, DistanceSensor, 26585, 330.000000, 866.000000, 505.000000, 9999.000000
distance_sensors, DistanceSensor, 26595, 330.000000, 930.000000, 510.000000, 9999.000000
distance_sensors, DistanceSensor, 26605, 330.000000, 930.000000, 510.000000, 9999.000000
distance_sensors, DistanceSensor, 26615, 330.000000, 930.000000, 510.000000, 9999.000000
distance_sensors, DistanceSensor, 26625, 330.000000, 9999.000000, 509.000000, 9999.000000
distance_sensors, DistanceSensor, 26635, 321.000000, 9999.000000, 509.000000, 9999.000000
distance_sensors, DistanceSensor, 26645, 321.000000, 9999.000000, 509.000000, 9999.000000
distance_sensors, DistanceSensor, 26655, 321.000000, 9999.000000, 509.000000, 9999.000000
distance_sensors, DistanceSensor, 26665, 321.000000, 9999.000000, 510.000000, 9999.000000
distance_sensors, DistanceSensor, 26675, 318.000000, 9999.000000, 510.000000, 9999.000000
distance_sensors, DistanceSensor, 26685, 318.000000, 9999.000000, 510.000000, 9999.000000
distance_sensors, DistanceSensor, 26695, 318.000000, 9999.000000, 512.000000, 9999.000000
distance_sensors, DistanceSensor, 26705, 313.000000, 9999.000000, 512.000000, 9999.000000
distance_sensors, DistanceSensor, 26715, 313.000000, 9999.000000, 512.000000, 9999.000000
distance_sensors, DistanceSensor, 26725, 313.000000, 9999.000000, 512.000000, 9999.000000
distance_sensors, DistanceSensor, 26735, 313.000000, 9999.000000, 514.000000, 9999.000000
distance_sensors, DistanceSensor, 26745, 312.000000, 9999.000000, 514.000000, 9999.000000
distance_sensors, DistanceSensor, 26755, 312.000000, 9999.000000, 514.000000, 9999.000000
distance_sensors, DistanceSensor, 26765, 312.000000, 9999.000000, 516.000000, 9999.000000
distance_sensors, DistanceSensor, 26775, 308.000000, 9999.000000, 516.000000, 9999.000000
distance_sensors, DistanceSensor, 26785, 308.000000, 9999.000000, 516.000000, 9999.000000
distance_sensors, DistanceSensor, 26795, 308.000000, 9999.000000, 516.000000, 9999.000000
distance_sensors, DistanceSensor, 26805, 308.000000, 9999.000000, 530.000000, 9999.000000
distance_sensors, DistanceSensor, 26815, 323.000000, 9999.000000, 530.000000, 9999.000000
distance_sensors, DistanceSensor, 26825, 323.000000, 9999.000000, 530.000000, 9999.000000
distance_sensors, DistanceSensor, 26835, 323.000000, 9999.000000, 545.000000, 9999.000000
distance_sensors, DistanceSensor, 26845, 350.000000, 9999.000000, 545.000000, 9999.000000
distance_sensors, DistanceSensor, 26855, 350.000000, 9999.000000, 545.000000, 9999.000000
distance_sensors, DistanceSensor, 26865, 350.000000, 9999.000000, 545.000000, 9999.000000
distance_sensors, DistanceSensor, 26875, 350.000000, 887.000000, 569.000000, 9999.000000
distance_sensors, DistanceSensor, 26885, 410.000000, 887.000000, 569.000000, 9999.000000
distance_sensors, DistanceSensor, 26895, 410.000000, 887.000000, 569.000000, 9999.000000
distance_sensors, DistanceSensor, 26905, 410.000000, 887.000000, 614.000000, 9999.000000
distance_sensors, DistanceSensor, 26915, 410.000000, 754.000000, 614.000000, 9999.000000
distance_sensors, DistanceSensor, 26925, 493.000000, 754.000000, 614.000000, 9999.000000
distance_sensors, DistanceSensor, 26935, 493.000000, 754.000000, 614.000000, 9999.000000
distance_sensors, DistanceSensor, 26945, 493.000000, 625.000000, 620.000000, 9999.000000
distance_sensors, DistanceSensor, 26955, 666.000000, 625.000000, 620.000000, 9999.000000
distance_sensors, DistanceSensor, 26965, 666.000000, 625.000000, 620.000000, 9999.000000
distance_sensors, DistanceSensor, 26975, 666.000000, 625.000000, 351.000000, 9999.000000
distance_sensors, DistanceSensor, 26985, 666.000000, 532.000000, 351.000000, 9999.000000
distance_sensors, DistanceSensor, 26995, 1155.000000, 532.000000, 351.000000, 9999.000000
distance_sensors, DistanceSensor, 27005, 1155.000000, 532.000000, 351.000000, 9999.000000
distance_sensors, DistanceSensor, 27015, 1155.000000, 484.000000, 350.000000, 9999.000000
distance_sensors, DistanceSensor, 27025, 9999.000000, 484.000000, 350.000000, 9999.000000
distance_sensors, DistanceSensor, 27035, 9999.000000, 484.000000, 350.000000, 9999.000000
distance_sensors, DistanceSensor, 27045, 9999.000000, 484.000000, 438.000000, 9999.000000
distance_sensors, DistanceSensor, 27055, 9999.000000, 450.000000, 438.000000, 9999.000000
distance_sensors, DistanceSensor, 27065, 9999.000000, 450.000000, 438.000000, 9999.000000
distance_sensors, DistanceSensor, 27075, 9999.000000, 450.000000, 438.000000, 9999.000000
distance_sensors, DistanceSensor, 27085, 9999.000000, 439.000000, 419.000000, 9999.000000
distance_sensors, DistanceSensor, 27095, 9999.000000, 439.000000, 419.000000, 9999.000000
distance_sensors, DistanceSensor, 27105, 9999.000000, 439.000000, 419.000000, 9999.000000
distance_sensors, DistanceSensor, 27115, 9999.000000, 439.000000, 419.000000, 9999.000000
distance_sensors, DistanceSensor, 27125, 9999.000000, 454.000000, 412.000000, 9999.000000
distance_sensors, DistanceSensor, 27135, 9999.000000, 454.000000, 412.000000, 9999.000000
distance_sensors, DistanceSensor, 27145, 9999.000000, 454.000000, 412.000000, 917.000000
distance_sensors, DistanceSensor, 27155, 9999.000000, 504.000000, 424.000000, 917.000000
distance_sensors, DistanceSensor, 27165, 9999.000000, 504.000000, 424.000000, 917.000000
distance_sensors, DistanceSensor, 27175, 9999.000000, 504.000000, 424.000000, 714.000000
distance_sensors, DistanceSensor, 27185, 9999.000000, 504.000000, 424.000000, 714.000000
distance_sensors, DistanceSensor, 27195, 9999.000000, 490.000000, 476.000000, 714.000000
distance_sensors, DistanceSensor, 27205, 9999.000000, 490.000000, 476.000000, 714.000000
distance_sensors, DistanceSensor, 27215, 9999.000000, 490.000000, 476.000000, 595.000000
distance_sensors, DistanceSensor, 27225, 9999.000000, 226.000000, 574.000000, 595.000000
distance_sensors, DistanceSensor, 27235, 9999.000000, 226.000000, 574.000000, 595.000000
distance_sensors, DistanceSensor, 27245, 9999.000000, 226.000000, 574.000000, 547.000000
distance_sensors, DistanceSensor, 27255, 9999.000000, 226.000000, 574.000000, 547.000000
distance_sensors, DistanceSensor, 27265, 9999.000000, 351.000000, 9999.000000, 547.000000
distance_sensors, DistanceSensor, 27275, 9999.000000, 351.000000, 9999.000000, 547.000000
distance_sensors, DistanceSensor, 27285, 9999.000000, 351.000000, 9999.000000, 527.000000
distance_sensors, DistanceSensor, 27295, 9999.000000, 325.000000, 9999.000000, 527.000000
distance_sensors, DistanceSensor, 27305, 9999.000000, 325.000000, 9999.000000, 527.000000
distance_sensors, DistanceSensor, 27315, 9999.000000, 325.000000, 9999.000000, 527.000000
distance_sensors, DistanceSensor, 27325, 9999.000000, 325.000000, 9999.000000, 527.000000
distance_sensors, DistanceSensor, 27335, 9999.000000, 317.000000, 9999.000000, 527.000000
distance_sensors, DistanceSensor, 27345, 9999.000000, 317.000000, 9999.000000, 527.000000
distance_sensors, DistanceSensor, 27355, 9999.000000, 317.000000, 9999.000000, 538.000000
distance_sensors, DistanceSensor, 27365, 9999.000000, 317.000000, 9999.000000, 538.000000
distance_sensors, DistanceSensor, 27375, 9999.000000, 317.000000, 9999.000000, 538.000000
distance_sensors, DistanceSensor, 27385, 9999.000000, 317.000000, 9999.000000, 559.000000
distance_sensors, DistanceSensor, 27395, 9999.000000, 317.000000, 9999.000000, 559.000000
distance_sensors, DistanceSensor, 27405, 9999.000000, 316.000000, 9999.000000, 559.000000
distance_sensors, DistanceSensor, 27415, 9999.000000, 316.000000, 9999.000000, 559.000000
distance_sensors, DistanceSensor, 27425, 9999.000000, 316.000000, 9999.000000, 579.000000
distance_sensors, DistanceSensor, 27435, 9999.000000, 321.000000, 9999.000000, 579.000000
distance_sensors, DistanceSensor, 27445, 9999.000000, 321.000000, 9999.000000, 579.000000
distance_sensors, DistanceSensor, 27455, 9999.000000, 321.000000, 9999.000000, 610.000000
distance_sensors, DistanceSensor, 27465, 9999.000000, 321.000000, 9999.000000, 610.000000
distance_sensors, DistanceSensor, 27475, 9999.000000, 330.000000, 9999.000000, 610.000000
distance_sensors, DistanceSensor, 27485, 9999.000000, 330.000000, 9999.000000, 610.000000
distance_sensors, DistanceSensor, 27495, 9999.000000, 330.000000, 9999.000000, 641.000000
distance_sensors, DistanceSensor, 27505, 9999.000000, 337.000000, 9999.000000, 641.000000
distance_sensors, DistanceSensor, 27515, 9999.000000, 337.000000, 9999.000000, 641.000000
distance_sensors, DistanceSensor, 27525, 9999.000000, 337.000000, 9999.000000, 667.000000
distance_sensors, DistanceSensor, 27535, 9999.000000, 337.000000, 9999.000000, 667.000000
distance_sensors, DistanceSensor, 27545, 9999.000000, 340.000000, 9999.000000, 667.000000
distance_sensors, DistanceSensor, 27555, 9999.000000, 340.000000, 9999.000000, 667.000000
distance_sensors, DistanceSensor, 27565, 9999.000000, 340.000000, 9999.000000, 702.000000
distance_sensors, DistanceSensor, 27575, 9999.000000, 340.000000, 9999.000000, 702.000000
distance_sensors, DistanceSensor, 27585, 9999.000000, 347.000000, 9999.000000, 702.000000
distance_sensors, DistanceSensor, 27595, 9999.000000, 347.000000, 9999.000000, 702.000000
distance_sensors, DistanceSensor, 27605, 9999.000000, 347.000000, 9999.000000, 736.000000
distance_sensors, DistanceSensor, 27615, 9999.000000, 354.000000, 9999.000000, 736.000000
distance_sensors, DistanceSensor, 27625, 9999.000000, 354.000000, 9999.000000, 736.000000
distance_sensors, DistanceSensor, 27635, 9999.000000, 354.000000, 9999.000000, 772.000000
distance_sensors, DistanceSensor, 27645, 9999.000000, 354.000000, 9999.000000, 772.000000
distance_sensors, DistanceSensor, 27655, 9999.000000, 358.000000, 9999.000000, 772.000000
distance_sensors, DistanceSensor, 27665, 9999.000000, 358.000000, 9999.000000, 772.000000
distance_sensors, DistanceSensor, 27675, 9999.000000, 358.000000, 9999.000000, 809.000000
distance_sensors, DistanceSensor, 27685, 9999.000000, 366.000000, 9999.000000, 809.000000
distance_sensors, DistanceSensor, 27695, 9999.000000, 366.000000, 9999.000000, 809.000000
distance_sensors, DistanceSensor, 27705, 9999.000000, 366.000000, 9999.000000, 846.000000
distance_sensors, DistanceSensor, 27715, 9999.000000, 366.000000, 9999.000000, 846.000000
distance_sensors, DistanceSensor, 27725, 9999.000000, 371.000000, 9999.000000, 846.000000
distance_sensors, DistanceSensor, 27735, 9999.000000, 371.000000, 9999.000000, 846.000000
distance_sensors, DistanceSensor, 27745, 9999.000000, 371.000000, 9999.000000, 886.000000
distance_sensors, DistanceSensor, 27755, 9999.000000, 377.000000, 9999.000000, 886.000000
distance_sensors, DistanceSensor, 27765, 9999.000000, 377.000000, 9999.000000, 886.000000
distance_sensors, DistanceSensor, 27775, 9999.000000, 377.000000, 9999.000000, 928.000000
distance_sensors, DistanceSensor, 27785, 9999.000000, 377.000000, 9999.000000, 928.000000
distance_sensors, DistanceSensor, 27795, 9999.000000, 382.000000, 9999.000000, 928.000000
distance_sensors, DistanceSensor, 27805, 9999.000000, 382.000000, 9999.000000, 928.000000
distance_sensors, DistanceSensor, 27815, 9999.000000, 382.000000, 9999.000000, 966.000000
distance_sensors, DistanceSensor, 27825, 9999.000000, 382.000000, 9999.000000, 966.000000
distance_sensors, DistanceSensor, 27835, 9999.000000, 387.000000, 9999.000000, 966.000000
distance_sensors, DistanceSensor, 27845, 9999.000000, 387.000000, 9999.000000, 1009.000000
distance_sensors, DistanceSensor, 27855, 9999.000000, 387.000000, 9999.000000, 1009.000000
distance_sensors, DistanceSensor, 27865, 9999.000000, 392.000000, 9999.000000, 1009.000000
distance_sensors, DistanceSensor, 27875, 9999.000000, 392.000000, 9999.000000, 1009.000000
distance_sensors, DistanceSensor, 27885, 9999.000000, 392.000000, 9999.000000, 1053.000000
distance_sensors, DistanceSensor, 27895, 9999.000000, 392.000000, 9999.000000, 1053.000000
distance_sensors, DistanceSensor, 27905, 9999.000000, 398.000000, 9999.000000, 1053.000000
distance_sensors, DistanceSensor, 27915, 9999.000000, 398.000000, 9999.000000, 1091.000000
distance_sensors, DistanceSensor, 27925, 9999.000000, 398.000000, 9999.000000, 1091.000000
distance_sensors, DistanceSensor, 27935, 9999.000000, 404.000000, 9999.000000, 1091.000000
distance_sensors, DistanceSensor, 27945, 9999.000000, 404.000000, 9999.000000, 1091.000000
distance_sensors, DistanceSensor, 27955, 9999.000000, 404.000000, 9999.000000, 1137.000000
distance_sensors, DistanceSensor, 27965, 9999.000000, 404.000000, 2450.000000, 1137.000000
distance_sensors, DistanceSensor, 27975, 9999.000000, 410.000000, 2450.000000, 1137.000000
distance_sensors, DistanceSensor, 27985, 9999.000000, 410.000000, 2450.000000, 1179.000000
distance_sensors, DistanceSensor, 27995, 9999.000000, 410.000000, 2450.000000, 1179.000000
distance_sensors, DistanceSensor, 28005, 9999.000000, 410.000000, 2417.000000, 1179.000000
distance_sensors, DistanceSensor, 28015, 9999.000000, 410.000000, 2417.000000, 1179.000000
distance_sensors, DistanceSensor, 28025, 9999.000000, 410.000000, 2417.000000, 1220.000000
distance_sensors, DistanceSensor, 28035, 9999.000000, 410.000000, 9999.000000, 1220.000000
distance_sensors, DistanceSensor, 28045, 9999.000000, 417.000000, 9999.000000, 1220.000000
distance_sensors, DistanceSensor, 28055, 9999.000000, 417.000000, 9999.000000, 1220.000000
distance_sensors, DistanceSensor, 28065, 9999.000000, 417.000000, 9999.000000, 1268.000000
distance_sensors, DistanceSensor, 28075, 9999.000000, 417.000000, 9999.000000, 1268.000000
distance_sensors, DistanceSensor, 28085, 9999.000000, 417.000000, 9999.000000, 1268.000000
distance_sensors, DistanceSensor, 28095, 9999.000000, 417.000000, 9999.000000, 1306.000000
distance_sensors, DistanceSensor, 28105, 9999.000000, 417.000000, 1069.000000, 1306.000000
distance_sensors, DistanceSensor, 28115, 9999.000000, 422.000000, 1069.000000, 1306.000000
distance_sensors, DistanceSensor, 28125, 9999.000000, 422.000000, 1069.000000, 1306.000000
distance_sensors, DistanceSensor, 28135, 9999.000000, 422.000000, 1069.000000, 1345.000000
distance_sensors, DistanceSensor, 28145, 9999.000000, 425.000000, 2255.000000, 1345.000000
distance_sensors, DistanceSensor, 28155, 9999.000000, 425.000000, 2255.000000, 1345.000000
distance_sensors, DistanceSensor, 28165, 9999.000000, 425.000000, 2255.000000, 1373.000000
distance_sensors, DistanceSensor, 28175, 9999.000000, 425.000000, 1011.000000, 1373.000000
distance_sensors, DistanceSensor, 28185, 9999.000000, 428.000000, 1011.000000, 1373.000000
distance_sensors, DistanceSensor, 28195, 9999.000000, 428.000000, 1011.000000, 1373.000000
distance_sensors, DistanceSensor, 28205, 9999.000000, 428.000000, 1011.000000, 1403.000000
distance_sensors, DistanceSensor, 28215, 9999.000000, 432.000000, 994.000000, 1403.000000
distance_sensors, DistanceSensor, 28225, 9999.000000, 432.000000, 994.000000, 1403.000000
distance_sensors, DistanceSensor, 28235, 9999.000000, 432.000000, 994.000000, 1423.000000
distance_sensors, DistanceSensor, 28245, 9999.000000, 432.000000, 971.000000, 1423.000000
distance_sensors, DistanceSensor, 28255, 9999.000000, 435.000000, 971.000000, 1423.000000
distance_sensors, DistanceSensor, 28265, 9999.000000, 435.000000, 971.000000, 1423.000000
distance_sensors, DistanceSensor, 28275, 9999.000000, 435.000000, 971.000000, 1435.000000
distance_sensors, DistanceSensor, 28285, 9999.000000, 436.000000, 961.000000, 1435.000000
distance_sensors, DistanceSensor, 28295, 9999.000000, 436.000000, 961.000000, 1435.000000
distance_sensors, DistanceSensor, 28305, 9999.000000, 436.000000, 961.000000, 1444.000000
distance_sensors, DistanceSensor, 28315, 9999.000000, 436.000000, 954.000000, 1444.000000
distance_sensors, DistanceSensor, 28325, 9999.000000, 432.000000, 954.000000, 1444.000000
distance_sensors, DistanceSensor, 28335, 9999.000000, 432.000000, 954.000000, 1444.000000
distance_sensors, DistanceSensor, 28345, 9999.000000, 432.000000, 954.000000, 1453.000000
distance_sensors, DistanceSensor, 28355, 9999.000000, 438.000000, 944.000000, 1453.000000
distance_sensors, DistanceSensor, 28365, 9999.000000, 438.000000, 944.000000, 1453.000000
distance_sensors, DistanceSensor, 28375, 9999.000000, 438.000000, 944.000000, 1465.000000
distance_sensors, DistanceSensor, 28385, 9999.000000, 438.000000, 931.000000, 1465.000000
distance_sensors, DistanceSensor, 28395, 9999.000000, 436.000000, 931.000000, 1465.000000
distance_sensors, DistanceSensor, 28405, 9999.000000, 436.000000, 931.000000, 1465.000000
distance_sensors, DistanceSensor, 28415, 9999.000000, 436.000000, 931.000000, 1485.000000
distance_sensors, DistanceSensor, 28425, 9999.000000, 436.000000, 909.000000, 1485.000000
distance_sensors, DistanceSensor, 28435, 9999.000000, 434.000000, 909.000000, 1485.000000
distance_sensors, DistanceSensor, 28445, 9999.000000, 434.000000, 909.000000, 1501.000000
distance_sensors, DistanceSensor, 28455, 9999.000000, 434.000000, 887.000000, 1501.000000
distance_sensors, DistanceSensor, 28465, 9999.000000, 433.000000, 887.000000, 1501.000000
distance_sensors, DistanceSensor, 28475, 9999.000000, 433.000000, 887.000000, 1501.000000
distance_sensors, DistanceSensor, 28485, 9999.000000, 433.000000, 887.000000, 1521.000000
distance_sensors, DistanceSensor, 28495, 9999.000000, 433.000000, 872.000000, 1521.000000
distance_sensors, DistanceSensor, 28505, 9999.000000, 427.000000, 872.000000, 1521.000000
distance_sensors, DistanceSensor, 28515, 9999.000000, 427.000000, 872.000000, 1540.000000
distance_sensors, DistanceSensor, 28525, 9999.000000, 427.000000, 872.000000, 1540.000000
distance_sensors, DistanceSensor, 28535, 9999.000000, 426.000000, 850.000000, 1540.000000
distance_sensors, DistanceSensor, 28545, 9999.000000, 426.000000, 850.000000, 1540.000000
distance_sensors, DistanceSensor, 28555, 9999.000000, 426.000000, 850.000000, 1563.000000
distance_sensors, DistanceSensor, 28565, 9999.000000, 426.000000, 836.000000, 1563.000000
distance_sensors, DistanceSensor, 28575, 9999.000000, 428.000000, 836.000000, 1563.000000
distance_sensors, DistanceSensor, 28585, 9999.000000, 428.000000, 836.000000, 1563.000000
distance_sensors, DistanceSensor, 28595, 9999.000000, 428.000000, 836.000000, 1578.000000
distance_sensors, DistanceSensor, 28605, 9999.000000, 431.000000, 814.000000, 1578.000000
distance_sensors, DistanceSensor, 28615, 9999.000000, 431.000000, 814.000000, 1578.000000
distance_sensors, DistanceSensor, 28625, 9999.000000, 431.000000, 814.000000, 1602.000000
distance_sensors, DistanceSensor, 28635, 9999.000000, 431.000000, 799.000000, 1602.000000
distance_sensors, DistanceSensor, 28645, 9999.000000, 433.000000, 799.000000, 1602.000000
distance_sensors, DistanceSensor, 28655, 9999.000000, 433.000000, 799.000000, 1602.000000
distance_sensors, DistanceSensor, 28665, 9999.000000, 433.000000, 799.000000, 1613.000000
distance_sensors, DistanceSensor, 28675, 9999.000000, 432.000000, 781.000000, 1613.000000
distance_sensors, DistanceSensor, 28685, 9999.000000, 432.000000, 781.000000, 1613.000000
distance_sensors, DistanceSensor, 28695, 9999.000000, 432.000000, 781.000000, 1626.000000
distance_sensors, DistanceSensor, 28705, 9999.000000, 432.000000, 768.000000, 1626.000000
distance_sensors, DistanceSensor, 28715, 9999.000000, 432.000000, 768.000000, 1626.000000
distance_sensors, DistanceSensor, 28725, 9999.000000, 432.000000, 768.000000, 1626.000000
distance_sensors, DistanceSensor, 28735, 9999.000000, 432.000000, 768.000000, 1637.000000
distance_sensors, DistanceSensor, 28745, 9999.000000, 429.000000, 753.000000, 1637.000000
distance_sensors, DistanceSensor, 28755, 9999.000000, 429.000000, 753.000000, 1637.000000
distance_sensors, DistanceSensor, 28765, 9999.000000, 429.000000, 753.000000, 1648.000000
distance_sensors, DistanceSensor, 28775, 9999.000000, 429.000000, 751.000000, 1648.000000
distance_sensors, DistanceSensor, 28785, 9999.000000, 433.000000, 751.000000, 1648.000000
distance_sensors, DistanceSensor, 28795, 9999.000000, 433.000000, 751.000000, 1648.000000
distance_sensors, DistanceSensor, 28805, 9999.000000, 433.000000, 751.000000, 1657.000000
distance_sensors, DistanceSensor, 28815, 9999.000000, 433.000000, 745.000000, 1657.000000
distance_sensors, DistanceSensor, 28825, 9999.000000, 433.000000, 745.000000, 1657.000000
distance_sensors, DistanceSensor, 28835, 9999.000000, 433.000000, 745.000000, 1665.000000
distance_sensors, DistanceSensor, 28845, 9999.000000, 433.000000, 735.000000, 1665.000000
distance_sensors, DistanceSensor, 28855, 9999.000000, 435.000000, 735.000000, 1665.000000
distance_sensors, DistanceSensor, 28865, 9999.000000, 435.000000, 735.000000, 1665.000000
distance_sensors, DistanceSensor, 28875, 9999.000000, 435.000000, 735.000000, 1666.000000
distance_sensors, DistanceSensor, 28885, 9999.000000, 433.000000, 736.000000, 1666.000000
distance_sensors, DistanceSensor, 28895, 9999.000000, 433.000000, 736.000000, 1666.000000
distance_sensors, DistanceSensor, 28905, 9999.000000, 433.000000, 736.000000, 1667.000000
distance_sensors, DistanceSensor, 28915, 9999.000000, 433.000000, 735.000000, 1667.000000
distance_sensors, DistanceSensor, 28925, 9999.000000, 431.000000, 735.000000, 1667.000000
distance_sensors, DistanceSensor, 28935, 9999.000000, 431.000000, 735.000000, 1667.000000
distance_sensors, DistanceSensor, 28945, 9999.000000, 431.000000, 735.000000, 1664.000000
distance_sensors, DistanceSensor, 28955, 9999.000000, 431.000000, 738.000000, 1664.000000
distance_sensors, DistanceSensor, 28965, 9999.000000, 434.000000, 738.000000, 1664.000000
distance_sensors, DistanceSensor, 28975, 9999.000000, 434.000000, 738.000000, 1664.000000
distance_sensors, DistanceSensor, 28985, 9999.000000, 434.000000, 735.000000, 1664.000000
distance_sensors, DistanceSensor, 28995, 9999.000000, 432.000000, 735.000000, 1664.000000
distance_sensors, DistanceSensor, 29005, 9999.000000, 432.000000, 735.000000, 1664.000000
distance_sensors, DistanceSensor, 29015, 9999.000000, 432.000000, 735.000000, 1669.000000
distance_sensors, DistanceSensor, 29025, 9999.000000, 432.000000, 732.000000, 1669.000000
distance_sensors, DistanceSensor, 29035, 9999.000000, 433.000000, 732.000000, 1669.000000
distance_sensors, DistanceSensor, 29045, 9999.000000, 433.000000, 732.000000, 1676.000000
distance_sensors, DistanceSensor, 29055, 9999.000000, 433.000000, 727.000000, 1676.000000
distance_sensors, DistanceSensor, 29065, 9999.000000, 433.000000, 727.000000, 1676.000000
distance_sensors, DistanceSensor, 29075, 9999.000000, 433.000000, 727.000000, 1676.000000
distance_sensors, DistanceSensor, 29085, 9999.000000, 433.000000, 727.000000, 1678.000000
distance_sensors, DistanceSensor, 29095, 9999.000000, 433.000000, 721.000000, 1678.000000
distance_sensors, DistanceSensor, 29105, 9999.000000, 432.000000, 721.000000, 1678.000000
distance_sensors, DistanceSensor, 29115, 9999.000000, 432.000000, 721.000000, 1678.000000
distance_sensors, DistanceSensor, 29125, 9999.000000, 432.000000, 723.000000, 1680.000000
distance_sensors, DistanceSensor, 29135, 9999.000000, 435.000000, 723.000000, 1680.000000
distance_sensors, DistanceSensor, 29145, 9999.000000, 435.000000, 723.000000, 1680.000000
distance_sensors, DistanceSensor, 29155, 9999.000000, 435.000000, 723.000000, 1687.000000
distance_sensors, DistanceSensor, 29165, 9999.000000, 435.000000, 721.000000, 1687.000000
distance_sensors, DistanceSensor, 29175, 9999.000000, 434.000000, 721.000000, 1687.000000
distance_sensors, DistanceSensor, 29185, 9999.000000, 434.000000, 721.000000, 1687.000000
distance_sensors, DistanceSensor, 29195, 9999.000000, 434.000000, 706.000000, 1693.000000
distance_sensors, DistanceSensor, 29205, 9999.000000, 433.000000, 706.000000, 1693.000000
distance_sensors, DistanceSensor, 29215, 9999.000000, 433.000000, 706.000000, 1693.000000
distance_sensors, DistanceSensor, 29225, 9999.000000, 433.000000, 706.000000, 1695.000000
distance_sensors, DistanceSensor, 29235, 9999.000000, 433.000000, 704.000000, 1695.000000
distance_sensors, DistanceSensor, 29245, 9999.000000, 433.000000, 704.000000, 1695.000000
distance_sensors, DistanceSensor, 29255, 9999.000000, 433.000000, 704.000000, 1695.000000
distance_sensors, DistanceSensor, 29265, 9999.000000, 433.000000, 704.000000, 1703.000000
distance_sensors, DistanceSensor, 29275, 9999.000000, 434.000000, 697.000000, 1703.000000
distance_sensors, DistanceSensor, 29285, 9999.000000, 434.000000, 697.000000, 1703.000000
distance_sensors, DistanceSensor, 29295, 9999.000000, 434.000000, 697.000000, 1705.000000
distance_sensors, DistanceSensor, 29305, 9999.000000, 434.000000, 694.000000, 1705.000000
distance_sensors, DistanceSensor, 29315, 9999.000000, 428.000000, 694.000000, 1705.000000
distance_sensors, DistanceSensor, 29325, 9999.000000, 428.000000, 694.000000, 1705.000000
distance_sensors, DistanceSensor, 29335, 9999.000000, 428.000000, 694.000000, 1711.000000
distance_sensors, DistanceSensor, 29345, 9999.000000, 433.000000, 686.000000, 1711.000000
distance_sensors, DistanceSensor, 29355, 9999.000000, 433.000000, 686.000000, 1711.000000
distance_sensors, DistanceSensor, 29365, 9999.000000, 433.000000, 686.000000, 1717.000000
distance_sensors, DistanceSensor, 29375, 9999.000000, 433.000000, 681.000000, 1717.000000
distance_sensors, DistanceSensor, 29385, 9999.000000, 433.000000, 681.000000, 1717.000000
distance_sensors, DistanceSensor, 29395, 9999.000000, 433.000000, 681.000000, 1717.000000
distance_sensors, DistanceSensor, 29405, 9999.000000, 433.000000, 681.000000, 1727.000000
distance_sensors, DistanceSensor, 29415, 9999.000000, 431.000000, 677.000000, 1727.000000
distance_sensors, DistanceSensor, 29425, 9999.000000, 431.000000, 677.000000, 1727.000000
distance_sensors, DistanceSensor, 29435, 9999.000000, 431.000000, 677.000000, 1728.000000
distance_sensors, DistanceSensor, 29445, 9999.000000, 431.000000, 668.000000, 1728.000000
distance_sensors, DistanceSensor, 29455, 9999.000000, 432.000000, 668.000000, 1728.000000
distance_sensors, DistanceSensor, 29465, 9999.000000, 432.000000, 668.000000, 1728.000000
distance_sensors, DistanceSensor, 29475, 9999.000000, 432.000000, 668.000000, 1738.000000
distance_sensors, DistanceSensor, 29485, 9999.000000, 432.000000, 1875.000000, 1738.000000
distance_sensors, DistanceSensor, 29495, 9999.000000, 428.000000, 1875.000000, 1738.000000
distance_sensors, DistanceSensor, 29505, 9999.000000, 428.000000, 1875.000000, 1746.000000
distance_sensors, DistanceSensor, 29515, 9999.000000, 428.000000, 1858.000000, 1746.000000
distance_sensors, DistanceSensor, 29525, 9999.000000, 418.000000, 1858.000000, 1746.000000
distance_sensors, DistanceSensor, 29535, 9999.000000, 418.000000, 1858.000000, 1746.000000
distance_sensors, DistanceSensor, 29545, 9999.000000, 418.000000, 1858.000000, 1767.000000
distance_sensors, DistanceSensor, 29555, 9999.000000, 418.000000, 1846.000000, 1767.000000
distance_sensors, DistanceSensor, 29565, 9999.000000, 412.000000, 1846.000000, 1767.000000
distance_sensors, DistanceSensor, 29575, 9999.000000, 412.000000, 1846.000000, 1800.000000
distance_sensors, DistanceSensor, 29585, 9999.000000, 412.000000, 9999.000000, 1800.000000
distance_sensors, DistanceSensor, 29595, 9999.000000, 420.000000, 9999.000000, 1800.000000
distance_sensors, DistanceSensor, 29605, 9999.000000, 420.000000, 9999.000000, 1800.000000
distance_sensors, DistanceSensor, 29615, 9999.000000, 420.000000, 9999.000000, 929.000000
distance_sensors, DistanceSensor, 29625, 9999.000000, 420.000000, 9999.000000, 929.000000
distance_sensors, DistanceSensor, 29635, 9999.000000, 445.000000, 9999.000000, 929.000000
distance_sensors, DistanceSensor, 29645, 9999.000000, 445.000000, 9999.000000, 929.000000
distance_sensors, DistanceSensor, 29655, 9999.000000, 445.000000, 9999.000000, 729.000000
distance_sensors, DistanceSensor, 29665, 9999.000000, 492.000000, 9999.000000, 729.000000
distance_sensors, DistanceSensor, 29675, 9999.000000, 492.000000, 9999.000000, 729.000000
distance_sensors, DistanceSensor, 29685, 9999.000000, 492.000000, 9999.000000, 603.000000
distance_sensors, DistanceSensor, 29695, 9999.000000, 492.000000, 9999.000000, 603.000000
distance_sensors, DistanceSensor, 29705, 9999.000000, 577.000000, 9999.000000, 603.000000
distance_sensors, DistanceSensor, 29715, 9999.000000, 577.000000, 9999.000000, 603.000000
distance_sensors, DistanceSensor, 29725, 9999.000000, 577.000000, 9999.000000, 528.000000
distance_sensors, DistanceSensor, 29735, 9999.000000, 725.000000, 9999.000000, 528.000000
distance_sensors, DistanceSensor, 29745, 9999.000000, 725.000000, 9999.000000, 528.000000
distance_sensors, DistanceSensor, 29755, 9999.000000, 725.000000, 9999.000000, 485.000000
distance_sensors, DistanceSensor, 29765, 9999.000000, 725.000000, 9999.000000, 485.000000
distance_sensors, DistanceSensor, 29775, 9999.000000, 482.000000, 9999.000000, 485.000000
distance_sensors, DistanceSensor, 29785, 1757.000000, 482.000000, 9999.000000, 485.000000
distance_sensors, DistanceSensor, 29795, 1757.000000, 482.000000, 9999.000000, 469.000000
distance_sensors, DistanceSensor, 29805, 1757.000000, 460.000000, 9999.000000, 469.000000
distance_sensors, DistanceSensor, 29815, 1720.000000, 460.000000, 9999.000000, 469.000000
distance_sensors, DistanceSensor, 29825, 1720.000000, 460.000000, 9999.000000, 466.000000
distance_sensors, DistanceSensor, 29835, 1720.000000, 460.000000, 9999.000000, 466.000000
distance_sensors, DistanceSensor, 29845, 1720.000000, 1654.000000, 9999.000000, 466.000000
distance_sensors, DistanceSensor, 29855, 1713.000000, 1654.000000, 9999.000000, 466.000000
distance_sensors, DistanceSensor, 29865, 1713.000000, 1654.000000, 9999.000000, 474.000000
distance_sensors, DistanceSensor, 29875, 1713.000000, 1635.000000, 9999.000000, 474.000000
distance_sensors, DistanceSensor, 29885, 1710.000000, 1635.000000, 9999.000000, 474.000000
distance_sensors, DistanceSensor, 29895, 1710.000000, 1635.000000, 9999.000000, 473.000000
distance_sensors, DistanceSensor, 29905, 1710.000000, 1635.000000, 9999.000000, 473.000000
distance_sensors, DistanceSensor, 29915, 1710.000000, 1633.000000, 9999.000000, 473.000000
distance_sensors, DistanceSensor, 29925, 1713.000000, 1633.000000, 9999.000000, 473.000000
distance_sensors, DistanceSensor, 29935, 1713.000000, 1633.000000, 9999.000000, 473.000000
distance_sensors, DistanceSensor, 29945, 1713.000000, 1634.000000, 9999.000000, 473.000000
distance_sensors, DistanceSensor, 29955, 1707.000000, 1634.000000, 9999.000000, 473.000000
distance_sensors, DistanceSensor, 29965, 1707.000000, 1634.000000, 9999.000000, 469.000000
distance_sensors, DistanceSensor, 29975, 1707.000000, 1634.000000, 9999.000000, 469.000000
distance_sensors, DistanceSensor, 29985, 1707.000000, 1632.000000, 9999.000000, 469.000000
distance_sensors, DistanceSensor, 29995, 1708.000000, 1632.000000, 9999.000000, 469.000000
distance_sensors, DistanceSensor, 30005, 1708.000000, 1632.000000, 9999.000000, 472.000000
distance_sensors, DistanceSensor, 30015, 1708.000000, 1632.000000, 9999.000000, 472.000000
distance_sensors, DistanceSensor, 30025, 1705.000000, 1631.000000, 9999.000000, 472.000000
distance_sensors, DistanceSensor, 30035, 1705.000000, 1631.000000, 9999.000000, 471.000000
distance_sensors, DistanceSensor, 30045, 1705.000000, 1631.000000, 9999.000000, 471.000000
distance_sensors, DistanceSensor, 30055, 1705.000000, 1635.000000, 9999.000000, 471.000000
distance_sensors, DistanceSensor, 30065, 1710.000000, 1635.000000, 9999.000000, 471.000000
distance_sensors, DistanceSensor, 30075, 1710.000000, 1635.000000, 9999.000000, 469.000000
distance_sensors, DistanceSensor, 30085, 1710.000000, 1635.000000, 9999.000000, 469.000000
distance_sensors, DistanceSensor, 30095, 1705.000000, 1633.000000, 9999.000000, 469.000000
distance_sensors, DistanceSensor, 30105, 1705.000000, 1633.000000, 9999.000000, 469.000000
distance_sensors, DistanceSensor, 30115, 1705.000000, 1633.000000, 9999.000000, 470.000000
distance_sensors, DistanceSensor, 30125, 1705.000000, 1636.000000, 9999.000000, 470.000000
distance_sensors, DistanceSensor, 30135, 1710.000000, 1636.000000, 9999.000000, 470.000000
distance_sensors, DistanceSensor, 30145, 1710.000000, 1636.000000, 9999.000000, 472.000000
distance_sensors, DistanceSensor, 30155, 1710.000000, 1636.000000, 9999.000000, 472.000000
distance_sensors, DistanceSensor, 30165, 1710.000000, 1640.000000, 9999.000000, 472.000000
distance_sensors, DistanceSensor, 30175, 1705.000000, 1640.000000, 9999.000000, 472.000000
distance_sensors, DistanceSensor, 30185, 1705.000000, 1640.000000, 9999.000000, 472.000000
distance_sensors, DistanceSensor, 30195, 1705.000000, 1636.000000, 9999.000000, 472.000000
distance_sensors, DistanceSensor, 30205, 1707.000000, 1636.000000, 9999.000000, 472.000000
distance_sensors, DistanceSensor, 30215, 1707.000000, 1636.000000, 9999.000000, 474.000000
distance_sensors, DistanceSensor, 30225, 1707.000000, 1636.000000, 9999.000000, 474.000000
distance_sensors, DistanceSensor, 30235, 1707.000000, 1633.000000, 9999.000000, 474.000000
distance_sensors, DistanceSensor, 30245, 1704.000000, 1633.000000, 9999.000000, 474.000000
distance_sensors, DistanceSensor, 30255, 1704.000000, 1633.000000, 9999.000000, 469.000000
distance_sensors, DistanceSensor, 30265, 1704.000000, 1635.000000, 9999.000000, 469.000000
distance_sensors, DistanceSensor, 30275, 1706.000000, 1635.000000, 9999.000000, 469.000000
distance_sensors, DistanceSensor, 30285, 1706.000000, 1635.000000, 9999.000000, 466.000000
distance_sensors, DistanceSensor, 30295, 1706.000000, 1635.000000, 9999.000000, 466.000000
distance_sensors, DistanceSensor, 30305, 1706.000000, 1635.000000, 9999.000000, 466.000000
distance_sensors, DistanceSensor, 30315, 1708.000000, 1635.000000, 9999.000000, 466.000000
distance_sensors, DistanceSensor, 30325, 1708.000000, 1635.000000, 9999.000000, 462.000000
distance_sensors, DistanceSensor, 30335, 1708.000000, 1635.000000, 9999.000000, 462.000000
distance_sensors, DistanceSensor, 30345, 1707.000000, 1635.000000, 9999.000000, 462.000000
distance_sensors, DistanceSensor, 30355, 1707.000000, 1635.000000, 9999.000000, 459.000000
distance_sensors, DistanceSensor, 30365, 1707.000000, 1635.000000, 9999.000000, 459.000000
distance_sensors, DistanceSensor, 30375, 1707.000000, 1635.000000, 9999.000000, 459.000000
distance_sensors, DistanceSensor, 30385, 1707.000000, 1635.000000, 9999.000000, 459.000000
distance_sensors, DistanceSensor, 30395, 1707.000000, 1635.000000, 9999.000000, 454.000000
distance_sensors, DistanceSensor, 30405, 1707.000000, 1636.000000, 9999.000000, 454.000000
distance_sensors, DistanceSensor, 30415, 1711.000000, 1636.000000, 9999.000000, 454.000000
distance_sensors, DistanceSensor, 30425, 1711.000000, 1636.000000, 9999.000000, 447.000000
distance_sensors, DistanceSensor, 30435, 1711.000000, 1636.000000, 9999.000000, 447.000000
distance_sensors, DistanceSensor, 30445, 1711.000000, 1634.000000, 9999.000000, 447.000000
distance_sensors, DistanceSensor, 30455, 1711.000000, 1634.000000, 9999.000000, 447.000000
distance_sensors, DistanceSensor, 30465, 1711.000000, 1634.000000, 9999.000000, 440.000000
distance_sensors, DistanceSensor, 30475, 1711.000000, 1636.000000, 9999.000000, 440.000000
distance_sensors, DistanceSensor, 30485, 1707.000000, 1636.000000, 9999.000000, 440.000000
distance_sensors, DistanceSensor, 30495, 1707.000000, 1636.000000, 9999.000000, 435.000000
distance_sensors, DistanceSensor, 30505, 1707.000000, 1636.000000, 9999.000000, 435.000000
distance_sensors, DistanceSensor, 30515, 1707.000000, 1632.000000, 9999.000000, 435.000000
distance_sensors, DistanceSensor, 30525, 1706.000000, 1632.000000, 9999.000000, 435.000000
distance_sensors, DistanceSensor, 30535, 1706.000000, 1632.000000, 9999.000000, 428.000000
distance_sensors, DistanceSensor, 30545, 1706.000000, 1632.000000, 9999.000000, 428.000000
distance_sensors, DistanceSensor, 30555, 1710.000000, 1636.000000, 9999.000000, 428.000000
distance_sensors, DistanceSensor, 30565, 1710.000000, 1636.000000, 9999.000000, 421.000000
distance_sensors, DistanceSensor, 30575, 1710.000000, 1636.000000, 9999.000000, 421.000000
distance_sensors, DistanceSensor, 30585, 1710.000000, 1631.000000, 9999.000000, 421.000000
distance_sensors, DistanceSensor, 30595, 1707.000000, 1631.000000, 9999.000000, 421.000000
distance_sensors, DistanceSensor, 30605, 1707.000000, 1631.000000, 9999.000000, 416.000000
distance_sensors, DistanceSensor, 30615, 1707.000000, 1631.000000, 9999.000000, 416.000000
distance_sensors, DistanceSensor, 30625, 1707.000000, 1634.000000, 9999.000000, 416.000000
distance_sensors, DistanceSensor, 30635, 1707.000000, 1634.000000, 9999.000000, 416.000000
distance_sensors, DistanceSensor, 30645, 1707.000000, 1634.000000, 9999.000000, 408.000000
distance_sensors, DistanceSensor, 30655, 1707.000000, 1628.000000, 9999.000000, 408.000000
distance_sensors, DistanceSensor, 30665, 1706.000000, 1628.000000, 9999.000000, 408.000000
distance_sensors, DistanceSensor, 30675, 1706.000000, 1628.000000, 9999.000000, 399.000000
distance_sensors, DistanceSensor, 30685, 1706.000000, 1628.000000, 9999.000000, 399.000000
distance_sensors, DistanceSensor, 30695, 1706.000000, 428.000000, 9999.000000, 399.000000
distance_sensors, DistanceSensor, 30705, 1707.000000, 428.000000, 9999.000000, 399.000000
distance_sensors, DistanceSensor, 30715, 1707.000000, 428.000000, 9999.000000, 389.000000
distance_sensors, DistanceSensor, 30725, 1707.000000, 427.000000, 9999.000000, 389.000000
distance_sensors, DistanceSensor, 30735, 1710.000000, 427.000000, 9999.000000, 389.000000
distance_sensors, DistanceSensor, 30745, 1710.000000, 427.000000, 9999.000000, 381.000000
distance_sensors, DistanceSensor, 30755, 1710.000000, 427.000000, 9999.000000, 381.000000
distance_sensors, DistanceSensor, 30765, 1710.000000, 425.000000, 9999.000000, 381.000000
distance_sensors, DistanceSensor, 30775, 1711.000000, 425.000000, 9999.000000, 381.000000
distance_sensors, DistanceSensor, 30785, 1711.000000, 425.000000, 9999.000000, 377.000000
distance_sensors, DistanceSensor, 30795, 1711.000000, 419.000000, 9999.000000, 377.000000
distance_sensors, DistanceSensor, 30805, 1707.000000, 419.000000, 9999.000000, 377.000000
distance_sensors, DistanceSensor, 30815, 1707.000000, 419.000000, 9999.000000, 370.000000
distance_sensors, DistanceSensor, 30825, 1707.000000, 419.000000, 9999.000000, 370.000000
distance_sensors, DistanceSensor, 30835, 1707.000000, 422.000000, 9999.000000, 370.000000
distance_sensors, DistanceSensor, 30845, 1706.000000, 422.000000, 9999.000000, 370.000000
distance_sensors, DistanceSensor, 30855, 1706.000000, 422.000000, 9999.000000, 365.000000
distance_sensors, DistanceSensor, 30865, 1706.000000, 416.000000, 9999.000000, 365.000000
distance_sensors, DistanceSensor, 30875, 1710.000000, 416.000000, 9999.000000, 365.000000
distance_sensors, DistanceSensor, 30885, 1710.000000, 416.000000, 9999.000000, 364.000000
distance_sensors, DistanceSensor, 30895, 1710.000000, 416.000000, 9999.000000, 364.000000
distance_sensors, DistanceSensor, 30905, 1710.000000, 421.000000, 9999.000000, 364.000000
distance_sensors, DistanceSensor, 30915, 1705.000000, 421.000000, 9999.000000, 364.000000
distance_sensors, DistanceSensor, 30925, 1705.000000, 421.000000, 9999.000000, 364.000000
distance_sensors, DistanceSensor, 30935, 1705.000000, 417.000000, 9999.000000, 364.000000
distance_sensors, DistanceSensor, 30945, 1706.000000, 417.000000, 9999.000000, 364.000000
distance_sensors, DistanceSensor, 30955, 1706.000000, 417.000000, 9999.000000, 362.000000
distance_sensors, DistanceSensor, 30965, 1706.000000, 417.000000, 9999.000000, 362.000000
distance_sensors, DistanceSensor, 30975, 1706.000000, 419.000000, 9999.000000, 362.000000
distance_sensors, DistanceSensor, 30985, 1706.000000, 419.000000, 9999.000000, 362.000000
distance_sensors, DistanceSensor, 30995, 1706.000000, 419.000000, 9999.000000, 361.000000
distance_sensors, DistanceSensor, 31005, 1706.000000, 418.000000, 9999.000000, 361.000000
distance_sensors, DistanceSensor, 31015, 1710.000000, 418.000000, 9999.000000, 361.000000
distance_sensors, DistanceSensor, 31025, 1710.000000, 418.000000, 9999.000000, 362.000000
distance_sensors, DistanceSensor, 31035, 1710.000000, 418.000000, 9999.000000, 362.000000
distance_sensors, DistanceSensor, 31045, 1710.000000, 417.000000, 9999.000000, 362.000000
distance_sensors, DistanceSensor, 31055, 1707.000000, 417.000000, 9999.000000, 362.000000
distance_sensors, DistanceSensor, 31065, 1707.000000, 417.000000, 9999.000000, 359.000000
distance_sensors, DistanceSensor, 31075, 1707.000000, 417.000000, 9999.000000, 359.000000
distance_sensors, DistanceSensor, 31085, 1705.000000, 420.000000, 9999.000000, 359.000000
distance_sensors, DistanceSensor, 31095, 1705.000000, 420.000000, 9999.000000, 356.000000
distance_sensors, DistanceSensor, 31105, 1705.000000, 420.000000, 9999.000000, 356.000000
distance_sensors, DistanceSensor, 31115, 1705.000000, 417.000000, 9999.000000, 356.000000
distance_sensors, DistanceSensor, 31125, 1710.000000, 417.000000, 9999.000000, 356.000000
distance_sensors, DistanceSensor, 31135, 1710.000000, 417.000000, 9999.000000, 358.000000
distance_sensors, DistanceSensor, 31145, 1710.000000, 417.000000, 9999.000000, 358.000000
distance_sensors, DistanceSensor, 31155, 1707.000000, 421.000000, 9999.000000, 358.000000
distance_sensors, DistanceSensor, 31165, 1707.000000, 421.000000, 9999.000000, 358.000000
distance_sensors, DistanceSensor, 31175, 1707.000000, 421.000000, 9999.000000, 357.000000
distance_sensors, DistanceSensor, 31185, 1707.000000, 419.000000, 9999.000000, 357.000000
distance_sensors, DistanceSensor, 31195, 1711.000000, 419.000000, 9999.000000, 357.000000
distance_sensors, DistanceSensor, 31205, 1711.000000, 419.000000, 9999.000000, 362.000000
distance_sensors, DistanceSensor, 31215, 1711.000000, 419.000000, 9999.000000, 362.000000
distance_sensors, DistanceSensor, 31225, 1711.000000, 418.000000, 9999.000000, 362.000000
distance_sensors, DistanceSensor, 31235, 1713.000000, 418.000000, 9999.000000, 362.000000
distance_sensors, DistanceSensor, 31245, 1713.000000, 418.000000, 9999.000000, 370.000000
distance_sensors, DistanceSensor, 31255, 1713.000000, 422.000000, 9999.000000, 370.000000
distance_sensors, DistanceSensor, 31265, 1710.000000, 422.000000, 9999.000000, 370.000000
distance_sensors, DistanceSensor, 31275, 1710.000000, 422.000000, 9999.000000, 384.000000
distance_sensors, DistanceSensor, 31285, 1710.000000, 422.000000, 9999.000000, 384.000000
distance_sensors, DistanceSensor, 31295, 1710.000000, 431.000000, 9999.000000, 384.000000
distance_sensors, DistanceSensor, 31305, 1711.000000, 431.000000, 9999.000000, 384.000000
distance_sensors, DistanceSensor, 31315, 1711.000000, 431.000000, 9999.000000, 406.000000
distance_sensors, DistanceSensor, 31325, 1711.000000, 431.000000, 9999.000000, 406.000000
distance_sensors, DistanceSensor, 31335, 1706.000000, 431.000000, 9999.000000, 406.000000
distance_sensors, DistanceSensor, 31345, 1706.000000, 431.000000, 9999.000000, 428.000000
distance_sensors, DistanceSensor, 31355, 1706.000000, 431.000000, 9999.000000, 428.000000
distance_sensors, DistanceSensor, 31365, 1706.000000, 1640.000000, 9999.000000, 428.000000
distance_sensors, DistanceSensor, 31375, 1714.000000, 1640.000000, 9999.000000, 428.000000
distance_sensors, DistanceSensor, 31385, 1714.000000, 1640.000000, 9999.000000, 454.000000
distance_sensors, DistanceSensor, 31395, 1714.000000, 1641.000000, 9999.000000, 454.000000
distance_sensors, DistanceSensor, 31405, 1710.000000, 1641.000000, 9999.000000, 454.000000
distance_sensors, DistanceSensor, 31415, 1710.000000, 1641.000000, 9999.000000, 482.000000
distance_sensors, DistanceSensor, 31425, 1710.000000, 1641.000000, 9999.000000, 482.000000
distance_sensors, DistanceSensor, 31435, 1710.000000, 1638.000000, 9999.000000, 482.000000
distance_sensors, DistanceSensor, 31445, 1707.000000, 1638.000000, 9999.000000, 482.000000
distance_sensors, DistanceSensor, 31455, 1707.000000, 1638.000000, 9999.000000, 511.000000
distance_sensors, DistanceSensor, 31465, 1707.000000, 1640.000000, 9999.000000, 511.000000
distance_sensors, DistanceSensor, 31475, 1712.000000, 1640.000000, 9999.000000, 511.000000
distance_sensors, DistanceSensor, 31485, 1712.000000, 1640.000000, 9999.000000, 537.000000
distance_sensors, DistanceSensor, 31495, 1712.000000, 1640.000000, 9999.000000, 537.000000
distance_sensors, DistanceSensor, 31505, 1712.000000, 1635.000000, 9999.000000, 537.000000
distance_sensors, DistanceSensor, 31515, 1710.000000, 1635.000000, 9999.000000, 537.000000
distance_sensors, DistanceSensor, 31525, 1710.000000, 1635.000000, 9999.000000, 563.000000
distance_sensors, DistanceSensor, 31535, 1710.000000, 1638.000000, 9999.000000, 563.000000
distance_sensors, DistanceSensor, 31545, 1714.000000, 1638.000000, 9999.000000, 563.000000
distance_sensors, DistanceSensor, 31555, 1714.000000, 1638.000000, 9999.000000, 285.000000
distance_sensors, DistanceSensor, 31565, 1714.000000, 1638.000000, 9999.000000, 285.000000
distance_sensors, DistanceSensor, 31575, 1714.000000, 1635.000000, 9999.000000, 285.000000
distance_sensors, DistanceSensor, 31585, 1717.000000, 1635.000000, 9999.000000, 285.000000
distance_sensors, DistanceSensor, 31595, 1717.000000, 1635.000000, 9999.000000, 250.000000
distance_sensors, DistanceSensor, 31605, 1717.000000, 1635.000000, 9999.000000, 250.000000
distance_sensors, DistanceSensor, 31615, 1717.000000, 1637.000000, 9999.000000, 250.000000
distance_sensors, DistanceSensor, 31625, 1717.000000, 1637.000000, 9999.000000, 229.000000
distance_sensors, DistanceSensor, 31635, 1717.000000, 1637.000000, 9999.000000, 229.000000
distance_sensors, DistanceSensor, 31645, 1717.000000, 1636.000000, 9999.000000, 229.000000
distance_sensors, DistanceSensor, 31655, 1719.000000, 1636.000000, 9999.000000, 229.000000
distance_sensors, DistanceSensor, 31665, 1719.000000, 1636.000000, 9999.000000, 235.000000
distance_sensors, DistanceSensor, 31675, 1719.000000, 1636.000000, 9999.000000, 235.000000
distance_sensors, DistanceSensor, 31685, 1718.000000, 1633.000000, 9999.000000, 235.000000
distance_sensors, DistanceSensor, 31695, 1718.000000, 1633.000000, 9999.000000, 256.000000
distance_sensors, DistanceSensor, 31705, 1718.000000, 1633.000000, 9999.000000, 256.000000
distance_sensors, DistanceSensor, 31715, 1718.000000, 1633.000000, 9999.000000, 256.000000
distance_sensors, DistanceSensor, 31725, 1719.000000, 1633.000000, 9999.000000, 256.000000
distance_sensors, DistanceSensor, 31735, 1719.000000, 1633.000000, 9999.000000, 282.000000
distance_sensors, DistanceSensor, 31745, 1719.000000, 1633.000000, 9999.000000, 282.000000
distance_sensors, DistanceSensor, 31755, 1716.000000, 1632.000000, 9999.000000, 282.000000
distance_sensors, DistanceSensor, 31765, 1716.000000, 1632.000000, 9999.000000, 282.000000
distance_sensors, DistanceSensor, 31775, 1716.000000, 1632.000000, 9999.000000, 659.000000
distance_sensors, DistanceSensor, 31785, 1716.000000, 1632.000000, 9999.000000, 659.000000
distance_sensors, DistanceSensor, 31795, 1719.000000, 1632.000000, 9999.000000, 659.000000
distance_sensors, DistanceSensor, 31805, 1719.000000, 1632.000000, 9999.000000, 662.000000
distance_sensors, DistanceSensor, 31815, 1719.000000, 1632.000000, 9999.000000, 662.000000
distance_sensors, DistanceSensor, 31825, 1719.000000, 1637.000000, 9999.000000, 662.000000
distance_sensors, DistanceSensor, 31835, 1718.000000, 1637.000000, 9999.000000, 662.000000
distance_sensors, DistanceSensor, 31845, 1718.000000, 1637.000000, 9999.000000, 661.000000
distance_sensors, DistanceSensor, 31855, 1718.000000, 1635.000000, 9999.000000, 661.000000
distance_sensors, DistanceSensor, 31865, 1713.000000, 1635.000000, 9999.000000, 661.000000
distance_sensors, DistanceSensor, 31875, 1713.000000, 1635.000000, 9999.000000, 655.000000
distance_sensors, DistanceSensor, 31885, 1713.000000, 1635.000000, 9999.000000, 655.000000
distance_sensors, DistanceSensor, 31895, 1713.000000, 1636.000000, 9999.000000, 655.000000
distance_sensors, DistanceSensor, 31905, 1716.000000, 1636.000000, 9999.000000, 655.000000
distance_sensors, DistanceSensor, 31915, 1716.000000, 1636.000000, 9999.000000, 642.000000
distance_sensors, DistanceSensor, 31925, 1716.000000, 1639.000000, 9999.000000, 642.000000
distance_sensors, DistanceSensor, 31935, 1715.000000, 1639.000000, 9999.000000, 642.000000
distance_sensors, DistanceSensor, 31945, 1715.000000, 1639.000000, 9999.000000, 628.000000
distance_sensors, DistanceSensor, 31955, 1715.000000, 1639.000000, 9999.000000, 628.000000
distance_sensors, DistanceSensor, 31965, 1715.000000, 1637.000000, 9999.000000, 628.000000
distance_sensors, DistanceSensor, 31975, 1720.000000, 1637.000000, 9999.000000, 628.000000
distance_sensors, DistanceSensor, 31985, 1720.000000, 1637.000000, 9999.000000, 610.000000
distance_sensors, DistanceSensor, 31995, 1720.000000, 1638.000000, 9999.000000, 610.000000
distance_sensors, DistanceSensor, 32005, 1715.000000, 1638.000000, 9999.000000, 610.000000
distance_sensors, DistanceSensor, 32015, 1715.000000, 1638.000000, 9999.000000, 583.000000
distance_sensors, DistanceSensor, 32025, 1715.000000, 1638.000000, 9999.000000, 583.000000
distance_sensors, DistanceSensor, 32035, 1715.000000, 1637.000000, 9999.000000, 583.000000
distance_sensors, DistanceSensor, 32045, 1712.000000, 1637.000000, 9999.000000, 583.000000
distance_sensors, DistanceSensor, 32055, 1712.000000, 1637.000000, 9999.000000, 561.000000
distance_sensors, DistanceSensor, 32065, 1712.000000, 1635.000000, 9999.000000, 561.000000
distance_sensors, DistanceSensor, 32075, 1712.000000, 1635.000000, 9999.000000, 561.000000
distance_sensors, DistanceSensor, 32085, 1712.000000, 1635.000000, 9999.000000, 541.000000
distance_sensors, DistanceSensor, 32095, 1712.000000, 1635.000000, 9999.000000, 541.000000
distance_sensors, DistanceSensor, 32105, 1712.000000, 1636.000000, 9999.000000, 541.000000
distance_sensors, DistanceSensor, 32115, 1714.000000, 1636.000000, 9999.000000, 541.000000
distance_sensors, DistanceSensor, 32125, 1714.000000, 1636.000000, 9999.000000, 515.000000
distance_sensors, DistanceSensor, 32135, 1714.000000, 1636.000000, 9999.000000, 515.000000
distance_sensors, DistanceSensor, 32145, 1711.000000, 1638.000000, 9999.000000, 515.000000
distance_sensors, DistanceSensor, 32155, 1711.000000, 1638.000000, 9999.000000, 515.000000
distance_sensors, DistanceSensor, 32165, 1711.000000, 1638.000000, 9999.000000, 498.000000
distance_sensors, DistanceSensor, 32175, 1711.000000, 1638.000000, 9999.000000, 498.000000
distance_sensors, DistanceSensor, 32185, 1712.000000, 1638.000000, 9999.000000, 498.000000
distance_sensors, DistanceSensor, 32195, 1712.000000, 1638.000000, 9999.000000, 482.000000
distance_sensors, DistanceSensor, 32205, 1712.000000, 1638.000000, 9999.000000, 482.000000
distance_sensors, DistanceSensor, 32215, 1713.000000, 1634.000000, 9999.000000, 482.000000
distance_sensors, DistanceSensor, 32225, 1713.000000, 1634.000000, 9999.000000, 482.000000
distance_sensors, DistanceSensor, 32235, 1713.000000, 1634.000000, 9999.000000, 467.000000
distance_sensors, DistanceSensor, 32245, 1713.000000, 1634.000000, 9999.000000, 467.000000
distance_sensors, DistanceSensor, 32255, 1711.000000, 1634.000000, 9999.000000, 467.000000
distance_sensors, DistanceSensor, 32265, 1711.000000, 1634.000000, 9999.000000, 457.000000
distance_sensors, DistanceSensor, 32275, 1711.000000, 1634.000000, 9999.000000, 457.000000
distance_sensors, DistanceSensor, 32285, 1710.000000, 1636.000000, 9999.000000, 457.000000
distance_sensors, DistanceSensor, 32295, 1710.000000, 1636.000000, 9999.000000, 457.000000
distance_sensors, DistanceSensor, 32305, 1710.000000, 1636.000000, 9999.000000, 450.000000
distance_sensors, DistanceSensor, 32315, 1710.000000, 1636.000000, 9999.000000, 450.000000
distance_sensors, DistanceSensor, 32325, 1706.000000, 1636.000000, 9999.000000, 450.000000
distance_sensors, DistanceSensor, 32335, 1706.000000, 1636.000000, 9999.000000, 446.000000
distance_sensors, DistanceSensor, 32345, 1706.000000, 1636.000000, 9999.000000, 446.000000
distance_sensors, DistanceSensor, 32355, 1706.000000, 1639.000000, 9999.000000, 446.000000
distance_sensors, DistanceSensor, 32365, 1707.000000, 1639.000000, 9999.000000, 446.000000
distance_sensors, DistanceSensor, 32375, 1707.000000, 1639.000000, 9999.000000, 444.000000
distance_sensors, DistanceSensor, 32385, 1707.000000, 443.000000, 9999.000000, 444.000000
distance_sensors, DistanceSensor, 32395, 1713.000000, 443.000000, 9999.000000, 444.000000
distance_sensors, DistanceSensor, 32405, 1713.000000, 443.000000, 9999.000000, 435.000000
distance_sensors, DistanceSensor, 32415, 1713.000000, 443.000000, 9999.000000, 435.000000
distance_sensors, DistanceSensor, 32425, 1713.000000, 443.000000, 9999.000000, 435.000000
distance_sensors, DistanceSensor, 32435, 1724.000000, 443.000000, 9999.000000, 435.000000
distance_sensors, DistanceSensor, 32445, 1724.000000, 443.000000, 9999.000000, 424.000000
distance_sensors, DistanceSensor, 32455, 1724.000000, 466.000000, 9999.000000, 424.000000
distance_sensors, DistanceSensor, 32465, 1761.000000, 466.000000, 9999.000000, 424.000000
distance_sensors, DistanceSensor, 32475, 1761.000000, 466.000000, 9999.000000, 433.000000
distance_sensors, DistanceSensor, 32485, 1761.000000, 466.000000, 9999.000000, 433.000000
distance_sensors, DistanceSensor, 32495, 1761.000000, 722.000000, 9999.000000, 433.000000
distance_sensors, DistanceSensor, 32505, 1883.000000, 722.000000, 9999.000000, 433.000000
distance_sensors, DistanceSensor, 32515, 1883.000000, 722.000000, 9999.000000, 454.000000
distance_sensors, DistanceSensor, 32525, 1883.000000, 564.000000, 9999.000000, 454.000000
distance_sensors, DistanceSensor, 32535, 9999.000000, 564.000000, 9999.000000, 454.000000
distance_sensors, DistanceSensor, 32545, 9999.000000, 564.000000, 9999.000000, 507.000000
distance_sensors, DistanceSensor, 32555, 9999.000000, 564.000000, 9999.000000, 507.000000
distance_sensors, DistanceSensor, 32565, 9999.000000, 437.000000, 9999.000000, 507.000000
distance_sensors, DistanceSensor, 32575, 9999.000000, 437.000000, 9999.000000, 507.000000
distance_sensors, DistanceSensor, 32585, 9999.000000, 437.000000, 9999.000000, 633.000000
distance_sensors, DistanceSensor, 32595, 9999.000000, 374.000000, 9999.000000, 633.000000
distance_sensors, DistanceSensor, 32605, 9999.000000, 374.000000, 9999.000000, 633.000000
distance_sensors, DistanceSensor, 32615, 9999.000000, 374.000000, 9999.000000, 9999.000000
distance_sensors, DistanceSensor, 32625, 9999.000000, 374.000000, 9999.000000, 9999.000000
distance_sensors, DistanceSensor, 32635, 9999.000000, 352.000000, 9999.000000, 9999.000000
distance_sensors, DistanceSensor, 32645, 9999.000000, 352.000000, 9999.000000, 9999.000000
distance_sensors, DistanceSensor, 32655, 9999.000000, 352.000000, 623.000000, 1767.000000
distance_sensors, DistanceSensor, 32665, 9999.000000, 363.000000, 623.000000, 1767.000000
distance_sensors, DistanceSensor, 32675, 539.000000, 363.000000, 623.000000, 1767.000000
distance_sensors, DistanceSensor, 32685, 539.000000, 363.000000, 623.000000, 1767.000000
distance_sensors, DistanceSensor, 32695, 539.000000, 363.000000, 651.000000, 1752.000000
distance_sensors, DistanceSensor, 32705, 539.000000, 408.000000, 651.000000, 1752.000000
distance_sensors, DistanceSensor, 32715, 355.000000, 408.000000, 651.000000, 1752.000000
distance_sensors, DistanceSensor, 32725, 355.000000, 408.000000, 9999.000000, 1819.000000
distance_sensors, DistanceSensor, 32735, 355.000000, 408.000000, 9999.000000, 1819.000000
distance_sensors, DistanceSensor, 32745, 1261.000000, 476.000000, 9999.000000, 1819.000000
distance_sensors, DistanceSensor, 32755, 1261.000000, 476.000000, 9999.000000, 1819.000000
distance_sensors, DistanceSensor, 32765, 1261.000000, 476.000000, 673.000000, 9999.000000
distance_sensors, DistanceSensor, 32775, 1261.000000, 586.000000, 673.000000, 9999.000000
distance_sensors, DistanceSensor, 32785, 9999.000000, 586.000000, 673.000000, 9999.000000
distance_sensors, DistanceSensor, 32795, 9999.000000, 586.000000, 611.000000, 9999.000000
distance_sensors, DistanceSensor, 32805, 9999.000000, 586.000000, 611.000000, 9999.000000
distance_sensors, DistanceSensor, 32815, 9999.000000, 693.000000, 611.000000, 9999.000000
distance_sensors, DistanceSensor, 32825, 9999.000000, 693.000000, 611.000000, 9999.000000
distance_sensors, DistanceSensor, 32835, 9999.000000, 693.000000, 579.000000, 9999.000000
distance_sensors, DistanceSensor, 32845, 9999.000000, 803.000000, 579.000000, 9999.000000
distance_sensors, DistanceSensor, 32855, 9999.000000, 803.000000, 579.000000, 9999.000000
distance_sensors, DistanceSensor, 32865, 9999.000000, 803.000000, 572.000000, 9999.000000
distance_sensors, DistanceSensor, 32875, 9999.000000, 803.000000, 572.000000, 9999.000000
distance_sensors, DistanceSensor, 32885, 9999.000000, 864.000000, 572.000000, 9999.000000
distance_sensors, DistanceSensor, 32895, 9999.000000, 864.000000, 572.000000, 9999.000000
distance_sensors, DistanceSensor, 32905, 9999.000000, 864.000000, 573.000000, 9999.000000
distance_sensors, DistanceSensor, 32915, 9999.000000, 921.000000, 573.000000, 9999.000000
distance_sensors, DistanceSensor, 32925, 9999.000000, 921.000000, 573.000000, 9999.000000
distance_sensors, DistanceSensor, 32935, 9999.000000, 921.000000, 586.000000, 9999.000000
distance_sensors, DistanceSensor, 32945, 9999.000000, 921.000000, 586.000000, 9999.000000
distance_sensors, DistanceSensor, 32955, 9999.000000, 971.000000, 586.000000, 9999.000000
distance_sensors, DistanceSensor, 32965, 9999.000000, 971.000000, 586.000000, 9999.000000
distance_sensors, DistanceSensor, 32975, 9999.000000, 971.000000, 612.000000, 9999.000000
distance_sensors, DistanceSensor, 32985, 9999.000000, 1044.000000, 612.000000, 9999.000000
distance_sensors, DistanceSensor, 32995, 9999.000000, 1044.000000, 612.000000, 9999.000000
distance_sensors, DistanceSensor, 33005, 9999.000000, 1044.000000, 638.000000, 9999.000000
distance_sensors, DistanceSensor, 33015, 9999.000000, 1044.000000, 638.000000, 9999.000000
distance_sensors, DistanceSensor, 33025, 9999.000000, 1014.000000, 638.000000, 9999.000000
distance_sensors, DistanceSensor, 33035, 9999.000000, 1014.000000, 638.000000, 9999.000000
distance_sensors, DistanceSensor, 33045, 9999.000000, 1014.000000, 671.000000, 9999.000000
distance_sensors, DistanceSensor, 33055, 9999.000000, 1055.000000, 671.000000, 9999.000000
distance_sensors, DistanceSensor, 33065, 9999.000000, 1055.000000, 671.000000, 9999.000000
distance_sensors, DistanceSensor, 33075, 9999.000000, 1055.000000, 703.000000, 9999.000000
distance_sensors, DistanceSensor, 33085, 9999.000000, 1055.000000, 703.000000, 9999.000000
distance_sensors, DistanceSensor, 33095, 9999.000000, 1075.000000, 703.000000, 9999.000000
distance_sensors, DistanceSensor, 33105, 9999.000000, 1075.000000, 703.000000, 9999.000000
distance_sensors, DistanceSensor, 33115, 9999.000000, 1075.000000, 745.000000, 9999.000000
distance_sensors, DistanceSensor, 33125, 9999.000000, 1086.000000, 745.000000, 9999.000000
distance_sensors, DistanceSensor, 33135, 9999.000000, 1086.000000, 745.000000, 9999.000000
distance_sensors, DistanceSensor, 33145, 9999.000000, 1086.000000, 779.000000, 9999.000000
distance_sensors, DistanceSensor, 33155, 9999.000000, 1086.000000, 779.000000, 9999.000000
distance_sensors, DistanceSensor, 33165, 9999.000000, 1132.000000, 779.000000, 9999.000000
distance_sensors, DistanceSensor, 33175, 9999.000000, 1132.000000, 779.000000, 9999.000000
distance_sensors, DistanceSensor, 33185, 9999.000000, 1132.000000, 822.000000, 9999.000000
distance_sensors, DistanceSensor, 33195, 9999.000000, 1142.000000, 822.000000, 9999.000000
distance_sensors, DistanceSensor, 33205, 9999.000000, 1142.000000, 822.000000, 9999.000000
distance_sensors, DistanceSensor, 33215, 9999.000000, 1142.000000, 866.000000, 9999.000000
distance_sensors, DistanceSensor, 33225, 9999.000000, 1142.000000, 866.000000, 9999.000000
distance_sensors, DistanceSensor, 33235, 9999.000000, 1132.000000, 866.000000, 9999.000000
distance_sensors, DistanceSensor, 33245, 9999.000000, 1132.000000, 866.000000, 9999.000000
distance_sensors, DistanceSensor, 33255, 9999.000000, 1132.000000, 923.000000, 9999.000000
distance_sensors, DistanceSensor, 33265, 9999.000000, 1132.000000, 923.000000, 9999.000000
distance_sensors, DistanceSensor, 33275, 9999.000000, 1143.000000, 923.000000, 9999.000000
distance_sensors, DistanceSensor, 33285, 9999.000000, 1143.000000, 967.000000, 9999.000000
distance_sensors, DistanceSensor, 33295, 9999.000000, 1143.000000, 967.000000, 9999.000000
distance_sensors, DistanceSensor, 33305, 9999.000000, 1160.000000, 967.000000, 9999.000000
distance_sensors, DistanceSensor, 33315, 254.000000, 1160.000000, 967.000000, 9999.000000
distance_sensors, DistanceSensor, 33325, 254.000000, 1160.000000, 1023.000000, 9999.000000
distance_sensors, DistanceSensor, 33335, 254.000000, 1160.000000, 1023.000000, 9999.000000
distance_sensors, DistanceSensor, 33345, 253.000000, 1187.000000, 1023.000000, 9999.000000
distance_sensors, DistanceSensor, 33355, 253.000000, 1187.000000, 1023.000000, 9999.000000
distance_sensors, DistanceSensor, 33365, 253.000000, 1187.000000, 1067.000000, 9999.000000
distance_sensors, DistanceSensor, 33375, 253.000000, 1213.000000, 1067.000000, 9999.000000
distance_sensors, DistanceSensor, 33385, 9999.000000, 1213.000000, 1067.000000, 9999.000000
distance_sensors, DistanceSensor, 33395, 9999.000000, 1213.000000, 1125.000000, 9999.000000
distance_sensors, DistanceSensor, 33405, 9999.000000, 1213.000000, 1125.000000, 9999.000000
distance_sensors, DistanceSensor, 33415, 9999.000000, 1252.000000, 1125.000000, 9999.000000
distance_sensors, DistanceSensor, 33425, 9999.000000, 1252.000000, 1125.000000, 9999.000000
distance_sensors, DistanceSensor, 33435, 9999.000000, 1252.000000, 1166.000000, 9999.000000
distance_sensors, DistanceSensor, 33445, 9999.000000, 1265.000000, 1166.000000, 9999.000000
distance_sensors, DistanceSensor, 33455, 9999.000000, 1265.000000, 1166.000000, 9999.000000
distance_sensors, DistanceSensor, 33465, 9999.000000, 1265.000000, 1206.000000, 9999.000000
distance_sensors, DistanceSensor, 33475, 9999.000000, 1265.000000, 1206.000000, 9999.000000
distance_sensors, DistanceSensor, 33485, 9999.000000, 1310.000000, 1206.000000, 9999.000000
distance_sensors, DistanceSensor, 33495, 9999.000000, 1310.000000, 1206.000000, 9999.000000
distance_sensors, DistanceSensor, 33505, 9999.000000, 1310.000000, 9999.000000, 9999.000000
distance_sensors, DistanceSensor, 33515, 9999.000000, 1307.000000, 9999.000000, 9999.000000
distance_sensors, DistanceSensor, 33525, 9999.000000, 1307.000000, 9999.000000, 9999.000000
distance_sensors, DistanceSensor, 33535, 9999.000000, 1307.000000, 9999.000000, 9999.000000
distance_sensors, DistanceSensor, 33545, 9999.000000, 1307.000000, 9999.000000, 9999.000000
distance_sensors, DistanceSensor, 33555, 9999.000000, 9999.000000, 9999.000000, 9999.000000
distance_sensors, DistanceSensor, 33565, 9999.000000, 9999.000000, 9999.000000, 9999.000000
distance_sensors, DistanceSensor, 33575, 9999.000000, 9999.000000, 9999.000000, 1633.000000
distance_sensors, DistanceSensor, 33585, 9999.000000, 1509.000000, 9999.000000, 1633.000000
distance_sensors, DistanceSensor, 33595, 9999.000000, 1509.000000, 9999.000000, 1633.000000
distance_sensors, DistanceSensor, 33605, 9999.000000, 1509.000000, 9999.000000, 1590.000000
distance_sensors, DistanceSensor, 33615, 9999.000000, 1509.000000, 9999.000000, 1590.000000
distance_sensors, DistanceSensor, 33625, 9999.000000, 1472.000000, 9999.000000, 1590.000000
distance_sensors, DistanceSensor, 33635, 9999.000000, 1472.000000, 9999.000000, 1590.000000
distance_sensors, DistanceSensor, 33645, 9999.000000, 1472.000000, 9999.000000, 1527.000000
distance_sensors, DistanceSensor, 33655, 9999.000000, 1484.000000, 9999.000000, 1527.000000
distance_sensors, DistanceSensor, 33665, 9999.000000, 1484.000000, 9999.000000, 1527.000000
distance_sensors, DistanceSensor, 33675, 9999.000000, 1484.000000, 9999.000000, 1456.000000
distance_sensors, DistanceSensor, 33685, 9999.000000, 1484.000000, 9999.000000, 1456.000000
distance_sensors, DistanceSensor, 33695, 9999.000000, 1477.000000, 9999.000000, 1456.000000
distance_sensors, DistanceSensor, 33705, 9999.000000, 1477.000000, 9999.000000, 1456.000000
distance_sensors, DistanceSensor, 33715, 9999.000000, 1477.000000, 9999.000000, 1436.000000
distance_sensors, DistanceSensor, 33725, 9999.000000, 1470.000000, 9999.000000, 1436.000000
distance_sensors, DistanceSensor, 33735, 9999.000000, 1470.000000, 9999.000000, 1436.000000
distance_sensors, DistanceSensor, 33745, 9999.000000, 1470.000000, 9999.000000, 1436.000000
distance_sensors, DistanceSensor, 33755, 9999.000000, 1470.000000, 9999.000000, 1391.000000
distance_sensors, DistanceSensor, 33765, 9999.000000, 1476.000000, 9999.000000, 1391.000000
distance_sensors, DistanceSensor, 33775, 9999.000000, 1476.000000, 9999.000000, 1391.000000
distance_sensors, DistanceSensor, 33785, 9999.000000, 1476.000000, 9999.000000, 1362.000000
distance_sensors, DistanceSensor, 33795, 9999.000000, 1476.000000, 9999.000000, 1362.000000
distance_sensors, DistanceSensor, 33805, 9999.000000, 1476.000000, 9999.000000, 1362.000000
distance_sensors, DistanceSensor, 33815, 9999.000000, 1476.000000, 9999.000000, 1362.000000
distance_sensors, DistanceSensor, 33825, 9999.000000, 1476.000000, 9999.000000, 1346.000000
distance_sensors, DistanceSensor, 33835, 9999.000000, 1492.000000, 9999.000000, 1346.000000
distance_sensors, DistanceSensor, 33845, 9999.000000, 1492.000000, 9999.000000, 1346.000000
distance_sensors, DistanceSensor, 33855, 9999.000000, 1492.000000, 9999.000000, 1327.000000
distance_sensors, DistanceSensor, 33865, 9999.000000, 1492.000000, 9999.000000, 1327.000000
distance_sensors, DistanceSensor, 33875, 9999.000000, 1491.000000, 9999.000000, 1327.000000
distance_sensors, DistanceSensor, 33885, 9999.000000, 1491.000000, 9999.000000, 1327.000000
distance_sensors, DistanceSensor, 33895, 9999.000000, 1491.000000, 9999.000000, 1321.000000
distance_sensors, DistanceSensor, 33905, 9999.000000, 1466.000000, 9999.000000, 1321.000000
distance_sensors, DistanceSensor, 33915, 9999.000000, 1466.000000, 9999.000000, 1321.000000
distance_sensors, DistanceSensor, 33925, 9999.000000, 1466.000000, 9999.000000, 1325.000000
distance_sensors, DistanceSensor, 33935, 9999.000000, 1466.000000, 9999.000000, 1325.000000
distance_sensors, DistanceSensor, 33945, 9999.000000, 1502.000000, 9999.000000, 1325.000000
distance_sensors, DistanceSensor, 33955, 9999.000000, 1502.000000, 9999.000000, 1325.000000
distance_sensors, DistanceSensor, 33965, 9999.000000, 1502.000000, 9999.000000, 1320.000000
distance_sensors, DistanceSensor, 33975, 9999.000000, 1498.000000, 9999.000000, 1320.000000
distance_sensors, DistanceSensor, 33985, 9999.000000, 1498.000000, 9999.000000, 1320.000000
distance_sensors, DistanceSensor, 33995, 9999.000000, 1498.000000, 9999.000000, 1295.000000
distance_sensors, DistanceSensor, 34005, 9999.000000, 1498.000000, 9999.000000, 1295.000000
distance_sensors, DistanceSensor, 34015, 9999.000000, 1506.000000, 9999.000000, 1295.000000
distance_sensors, DistanceSensor, 34025, 9999.000000, 1506.000000, 9999.000000, 1295.000000
distance_sensors, DistanceSensor, 34035, 9999.000000, 1506.000000, 9999.000000, 1300.000000
distance_sensors, DistanceSensor, 34045, 9999.000000, 1497.000000, 9999.000000, 1300.000000
distance_sensors, DistanceSensor, 34055, 9999.000000, 1497.000000, 9999.000000, 1300.000000
distance_sensors, DistanceSensor, 34065, 9999.000000, 1497.000000, 9999.000000, 1288.000000
distance_sensors, DistanceSensor, 34075, 9999.000000, 1497.000000, 9999.000000, 1288.000000
distance_sensors, DistanceSensor, 34085, 9999.000000, 1478.000000, 9999.000000, 1288.000000
distance_sensors, DistanceSensor, 34095, 9999.000000, 1478.000000, 9999.000000, 1288.000000
distance_sensors, DistanceSensor, 34105, 9999.000000, 1478.000000, 9999.000000, 1288.000000
distance_sensors, DistanceSensor, 34115, 9999.000000, 1483.000000, 9999.000000, 1288.000000
distance_sensors, DistanceSensor, 34125, 9999.000000, 1483.000000, 9999.000000, 1288.000000
distance_sensors, DistanceSensor, 34135, 9999.000000, 1483.000000, 9999.000000, 1298.000000
distance_sensors, DistanceSensor, 34145, 9999.000000, 1483.000000, 9999.000000, 1298.000000
distance_sensors, DistanceSensor, 34155, 9999.000000, 1494.000000, 9999.000000, 1298.000000
distance_sensors, DistanceSensor, 34165, 9999.000000, 1494.000000, 9999.000000, 1298.000000
distance_sensors, DistanceSensor, 34175, 9999.000000, 1494.000000, 9999.000000, 1307.000000
distance_sensors, DistanceSensor, 34185, 9999.000000, 1490.000000, 9999.000000, 1307.000000
distance_sensors, DistanceSensor, 34195, 9999.000000, 1490.000000, 9999.000000, 1307.000000
distance_sensors, DistanceSensor, 34205, 9999.000000, 1490.000000, 9999.000000, 1283.000000
distance_sensors, DistanceSensor, 34215, 9999.000000, 1490.000000, 9999.000000, 1283.000000
distance_sensors, DistanceSensor, 34225, 9999.000000, 1494.000000, 9999.000000, 1283.000000
distance_sensors, DistanceSensor, 34235, 9999.000000, 1494.000000, 9999.000000, 1283.000000
distance_sensors, DistanceSensor, 34245, 9999.000000, 1494.000000, 9999.000000, 1304.000000
distance_sensors, DistanceSensor, 34255, 9999.000000, 1519.000000, 9999.000000, 1304.000000
distance_sensors, DistanceSensor, 34265, 9999.000000, 1519.000000, 9999.000000, 1304.000000
distance_sensors, DistanceSensor, 34275, 9999.000000, 1519.000000, 9999.000000, 1304.000000
distance_sensors, DistanceSensor, 34285, 9999.000000, 1519.000000, 9999.000000, 1313.000000
distance_sensors, DistanceSensor, 34295, 9999.000000, 1495.000000, 9999.000000, 1313.000000
distance_sensors, DistanceSensor, 34305, 9999.000000, 1495.000000, 9999.000000, 1313.000000
distance_sensors, DistanceSensor, 34315, 9999.000000, 1495.000000, 9999.000000, 1286.000000
distance_sensors, DistanceSensor, 34325, 9999.000000, 1495.000000, 9999.000000, 1286.000000
distance_sensors, DistanceSensor, 34335, 9999.000000, 1501.000000, 9999.000000, 1286.000000
distance_sensors, DistanceSensor, 34345, 9999.000000, 1501.000000, 9999.000000, 1286.000000
distance_sensors, DistanceSensor, 34355, 9999.000000, 1501.000000, 9999.000000, 1303.000000
distance_sensors, DistanceSensor, 34365, 9999.000000, 1494.000000, 9999.000000, 1303.000000
distance_sensors, DistanceSensor, 34375, 9999.000000, 1494.000000, 9999.000000, 1303.000000
distance_sensors, DistanceSensor, 34385, 9999.000000, 1494.000000, 9999.000000, 1327.000000
distance_sensors, DistanceSensor, 34395, 9999.000000, 1494.000000, 9999.000000, 1327.000000
distance_sensors, DistanceSensor, 34405, 9999.000000, 9999.000000, 9999.000000, 1327.000000
distance_sensors, DistanceSensor, 34415, 9999.000000, 9999.000000, 9999.000000, 1327.000000
distance_sensors, DistanceSensor, 34425, 9999.000000, 9999.000000, 9999.000000, 1371.000000
distance_sensors, DistanceSensor, 34435, 9999.000000, 1261.000000, 9999.000000, 1371.000000
distance_sensors, DistanceSensor, 34445, 9999.000000, 1261.000000, 9999.000000, 1371.000000
distance_sensors, DistanceSensor, 34455, 9999.000000, 1261.000000, 9999.000000, 1454.000000
distance_sensors, DistanceSensor, 34465, 9999.000000, 1261.000000, 9999.000000, 1454.000000
distance_sensors, DistanceSensor, 34475, 9999.000000, 1193.000000, 9999.000000, 1454.000000
distance_sensors, DistanceSensor, 34485, 9999.000000, 1193.000000, 1440.000000, 1454.000000
distance_sensors, DistanceSensor, 34495, 9999.000000, 1193.000000, 1440.000000, 9999.000000
distance_sensors, DistanceSensor, 34505, 9999.000000, 1123.000000, 1440.000000, 9999.000000
distance_sensors, DistanceSensor, 34515, 9999.000000, 1123.000000, 1440.000000, 9999.000000
distance_sensors, DistanceSensor, 34525, 9999.000000, 1123.000000, 1381.000000, 9999.000000
distance_sensors, DistanceSensor, 34535, 9999.000000, 1123.000000, 1381.000000, 9999.000000
distance_sensors, DistanceSensor, 34545, 9999.000000, 1067.000000, 1381.000000, 9999.000000
distance_sensors, DistanceSensor, 34555, 9999.000000, 1067.000000, 1339.000000, 9999.000000
distance_sensors, DistanceSensor, 34565, 9999.000000, 1067.000000, 1339.000000, 9999.000000
distance_sensors, DistanceSensor, 34575, 9999.000000, 1025.000000, 1339.000000, 9999.000000
distance_sensors, DistanceSensor, 34585, 9999.000000, 1025.000000, 1339.000000, 9999.000000
distance_sensors, DistanceSensor, 34595, 9999.000000, 1025.000000, 1311.000000, 2437.000000
distance_sensors, DistanceSensor, 34605, 9999.000000, 1025.000000, 1311.000000, 2437.000000
distance_sensors, DistanceSensor, 34615, 9999.000000, 1002.000000, 1311.000000, 2437.000000
distance_sensors, DistanceSensor, 34625, 2446.000000, 1002.000000, 1302.000000, 2437.000000
distance_sensors, DistanceSensor, 34635, 2446.000000, 1002.000000, 1302.000000, 2348.000000
distance_sensors, DistanceSensor, 34645, 2446.000000, 997.000000, 1302.000000, 2348.000000
distance_sensors, DistanceSensor, 34655, 2377.000000, 997.000000, 1302.000000, 2348.000000
distance_sensors, DistanceSensor, 34665, 2377.000000, 997.000000, 1312.000000, 2312.000000
distance_sensors, DistanceSensor, 34675, 2377.000000, 997.000000, 1312.000000, 2312.000000
distance_sensors, DistanceSensor, 34685, 2377.000000, 1014.000000, 1312.000000, 2312.000000
distance_sensors, DistanceSensor, 34695, 2366.000000, 1014.000000, 1312.000000, 2312.000000
distance_sensors, DistanceSensor, 34705, 2366.000000, 1014.000000, 1351.000000, 2320.000000
distance_sensors, DistanceSensor, 34715, 2366.000000, 1060.000000, 1351.000000, 2320.000000
distance_sensors, DistanceSensor, 34725, 482.000000, 1060.000000, 1351.000000, 2320.000000
distance_sensors, DistanceSensor, 34735, 482.000000, 1060.000000, 1425.000000, 428.000000
distance_sensors, DistanceSensor, 34745, 482.000000, 1060.000000, 1425.000000, 428.000000
distance_sensors, DistanceSensor, 34755, 482.000000, 1138.000000, 1425.000000, 428.000000
distance_sensors, DistanceSensor, 34765, 9999.000000, 1138.000000, 1425.000000, 428.000000
distance_sensors, DistanceSensor, 34775, 9999.000000, 1138.000000, 1539.000000, 9999.000000
distance_sensors, DistanceSensor, 34785, 9999.000000, 1266.000000, 1539.000000, 9999.000000
distance_sensors, DistanceSensor, 34795, 9999.000000, 1266.000000, 1539.000000, 9999.000000
distance_sensors, DistanceSensor, 34805, 9999.000000, 1266.000000, 9999.000000, 9999.000000
distance_sensors, DistanceSensor, 34815, 9999.000000, 1266.000000, 9999.000000, 9999.000000
distance_sensors, DistanceSensor, 34825, 9999.000000, 1399.000000, 9999.000000, 9999.000000
distance_sensors, DistanceSensor, 34835, 9999.000000, 1399.000000, 9999.000000, 9999.000000
distance_sensors, DistanceSensor, 34845, 9999.000000, 1399.000000, 9999.000000, 9999.000000
distance_sensors, DistanceSensor, 34855, 9999.000000, 1399.000000, 9999.000000, 9999.000000
distance_sensors, DistanceSensor, 34865, 9999.000000, 9999.000000, 9999.000000, 9999.000000
distance_sensors, DistanceSensor, 34875, 9999.000000, 9999.000000, 9999.000000, 9999.000000
distance_sensors, DistanceSensor, 34885, 9999.000000, 9999.000000, 9999.000000, 9999.000000
distance_sensors, DistanceSensor, 34895, 9999.000000, 9999.000000, 9999.000000, 9999.000000
distance_sensors, DistanceSensor, 34905, 9999.000000, 9999.000000, 9999.000000, 9999.000000
distance_sensors, DistanceSensor, 34915, 9999.000000, 9999.000000, 9999.000000, 9999.000000
distance_sensors, DistanceSensor, 34925, 9999.000000, 9999.000000, 9999.000000, 9999.000000
distance_sensors, DistanceSensor, 34935, 1877.000000, 9999.000000, 9999.000000, 9999.000000
distance_sensors, DistanceSensor, 34945, 1877.000000, 9999.000000, 1359.000000, 9999.000000
distance_sensors, DistanceSensor, 34955, 1877.000000, 9999.000000, 1359.000000, 9999.000000
distance_sensors, DistanceSensor, 34965, 1877.000000, 9999.000000, 1359.000000, 9999.000000
distance_sensors, DistanceSensor, 34975, 1869.000000, 9999.000000, 1359.000000, 9999.000000
distance_sensors, DistanceSensor, 34985, 1869.000000, 9999.000000, 9999.000000, 9999.000000
distance_sensors, DistanceSensor, 34995, 1869.000000, 9999.000000, 9999.000000, 9999.000000
distance_sensors, DistanceSensor, 35005, 9999.000000, 9999.000000, 9999.000000, 9999.000000
distance_sensors, DistanceSensor, 35015, 9999.000000, 9999.000000, 9999.000000, 9999.000000
distance_sensors, DistanceSensor, 35025, 9999.000000, 9999.000000, 9999.000000, 9999.000000
distance_sensors, DistanceSensor, 35035, 9999.000000, 9999.000000, 9999.000000, 9999.000000
distance_sensors, DistanceSensor, 35045, 9999.000000, 9999.000000, 9999.000000, 9999.000000
distance_sensors, DistanceSensor, 35055, 9999.000000, 9999.000000, 9999.000000, 9999.000000
distance_sensors, DistanceSensor, 35065, 9999.000000, 9999.000000, 9999.000000, 9999.000000
distance_sensors, DistanceSensor, 35075, 9999.000000, 9999.000000, 9999.000000, 9999.000000
distance_sensors, DistanceSensor, 35085, 9999.000000, 9999.000000, 1357.000000, 9999.000000
distance_sensors, DistanceSensor, 35095, 9999.000000, 9999.000000, 1357.000000, 9999.000000
distance_sensors, DistanceSensor, 35105, 9999.000000, 9999.000000, 1357.000000, 9999.000000
distance_sensors, DistanceSensor, 35115, 1873.000000, 9999.000000, 1357.000000, 9999.000000
distance_sensors, DistanceSensor, 35125, 1873.000000, 9999.000000, 1364.000000, 9999.000000
distance_sensors, DistanceSensor, 35135, 1873.000000, 9999.000000, 1364.000000, 9999.000000
distance_sensors, DistanceSensor, 35145, 1873.000000, 9999.000000, 1364.000000, 9999.000000
distance_sensors, DistanceSensor, 35155, 9999.000000, 9999.000000, 9999.000000, 9999.000000
distance_sensors, DistanceSensor, 35165, 9999.000000, 9999.000000, 9999.000000, 9999.000000
distance_sensors, DistanceSensor, 35175, 9999.000000, 9999.000000, 9999.000000, 9999.000000
distance_sensors, DistanceSensor, 35185, 9999.000000, 9999.000000, 9999.000000, 9999.000000
distance_sensors, DistanceSensor, 35195, 9999.000000, 9999.000000, 9999.000000, 9999.000000
distance_sensors, DistanceSensor, 35205, 9999.000000, 9999.000000, 9999.000000, 9999.000000
distance_sensors, DistanceSensor, 35215, 9999.000000, 9999.000000, 9999.000000, 9999.000000
distance_sensors, DistanceSensor, 35225, 1873.000000, 9999.000000, 9999.000000, 9999.000000
distance_sensors, DistanceSensor, 35235, 1873.000000, 9999.000000, 9999.000000, 9999.000000
distance_sensors, DistanceSensor, 35245, 1873.000000, 9999.000000, 9999.000000, 9999.000000
distance_sensors, DistanceSensor, 35255, 9999.000000, 9999.000000, 9999.000000, 9999.000000
distance_sensors, DistanceSensor, 35265, 9999.000000, 9999.000000, 9999.000000, 9999.000000
distance_sensors, DistanceSensor, 35275, 9999.000000, 9999.000000, 9999.000000, 9999.000000
distance_sensors, DistanceSensor, 35285, 9999.000000, 9999.000000, 9999.000000, 9999.000000
distance_sensors, DistanceSensor, 35295, 1882.000000, 9999.000000, 1366.000000, 9999.000000
distance_sensors, DistanceSensor, 35305, 1882.000000, 9999.000000, 1366.000000, 9999.000000
distance_sensors, DistanceSensor, 35315, 1882.000000, 9999.000000, 1366.000000, 9999.000000
distance_sensors, DistanceSensor, 35325, 1876.000000, 9999.000000, 1366.000000, 9999.000000
distance_sensors, DistanceSensor, 35335, 1876.000000, 9999.000000, 1408.000000, 9999.000000
distance_sensors, DistanceSensor, 35345, 1876.000000, 9999.000000, 1408.000000, 9999.000000
distance_sensors, DistanceSensor, 35355, 1876.000000, 9999.000000, 1408.000000, 9999.000000
distance_sensors, DistanceSensor, 35365, 9999.000000, 9999.000000, 1408.000000, 9999.000000
distance_sensors, DistanceSensor, 35375, 9999.000000, 9999.000000, 9999.000000, 9999.000000
distance_sensors, DistanceSensor, 35385, 9999.000000, 9999.000000, 9999.000000, 9999.000000
distance_sensors, DistanceSensor, 35395, 9999.000000, 9999.000000, 9999.000000, 9999.000000
distance_sensors, DistanceSensor, 35405, 9999.000000, 9999.000000, 1374.000000, 9999.000000
distance_sensors, DistanceSensor, 35415, 9999.000000, 9999.000000, 1374.000000, 9999.000000
distance_sensors, DistanceSensor, 35425, 9999.000000, 9999.000000, 1374.000000, 9999.000000
distance_sensors, DistanceSensor, 35435, 9999.000000, 9999.000000, 1374.000000, 9999.000000
distance_sensors, DistanceSensor, 35445, 9999.000000, 9999.000000, 1376.000000, 9999.000000
distance_sensors, DistanceSensor, 35455, 9999.000000, 9999.000000, 1376.000000, 9999.000000
distance_sensors, DistanceSensor, 35465, 1880.000000, 9999.000000, 1376.000000, 9999.000000
distance_sensors, DistanceSensor, 35475, 1880.000000, 9999.000000, 1376.000000, 9999.000000
distance_sensors, DistanceSensor, 35485, 1880.000000, 9999.000000, 1376.000000, 9999.000000
distance_sensors, DistanceSensor, 35495, 1880.000000, 9999.000000, 1376.000000, 9999.000000
distance_sensors, DistanceSensor, 35505, 1870.000000, 9999.000000, 1376.000000, 9999.000000
distance_sensors, DistanceSensor, 35515, 1870.000000, 9999.000000, 1404.000000, 9999.000000
distance_sensors, DistanceSensor, 35525, 1870.000000, 9999.000000, 1404.000000, 9999.000000
distance_sensors, DistanceSensor, 35535, 9999.000000, 9999.000000, 1404.000000, 9999.000000
distance_sensors, DistanceSensor, 35545, 9999.000000, 9999.000000, 1414.000000, 9999.000000
distance_sensors, DistanceSensor, 35555, 9999.000000, 9999.000000, 1414.000000, 9999.000000
distance_sensors, DistanceSensor, 35565, 9999.000000, 9999.000000, 1414.000000, 9999.000000
distance_sensors, DistanceSensor, 35575, 9999.000000, 9999.000000, 1414.000000, 9999.000000
distance_sensors, DistanceSensor, 35585, 9999.000000, 9999.000000, 1434.000000, 9999.000000
distance_sensors, DistanceSensor, 35595, 9999.000000, 9999.000000, 1434.000000, 9999.000000
distance_sensors, DistanceSensor, 35605, 9999.000000, 9999.000000, 1434.000000, 9999.000000
distance_sensors, DistanceSensor, 35615, 9999.000000, 9999.000000, 9999.000000, 9999.000000
distance_sensors, DistanceSensor, 35625, 9999.000000, 9999.000000, 9999.000000, 9999.000000
distance_sensors, DistanceSensor, 35635, 9999.000000, 9999.000000, 9999.000000, 9999.000000
distance_sensors, DistanceSensor, 35645, 9999.000000, 9999.000000, 9999.000000, 9999.000000
distance_sensors, DistanceSensor, 35655, 9999.000000, 9999.000000, 9999.000000, 9999.000000
distance_sensors, DistanceSensor, 35665, 9999.000000, 9999.000000, 9999.000000, 9999.000000
distance_sensors, DistanceSensor, 35675, 9999.000000, 9999.000000, 9999.000000, 9999.000000
distance_sensors, DistanceSensor, 35685, 9999.000000, 9999.000000, 9999.000000, 9999.000000
distance_sensors, DistanceSensor, 35695, 9999.000000, 9999.000000, 9999.000000, 9999.000000
distance_sensors, DistanceSensor, 35705, 9999.000000, 236.000000, 9999.000000, 9999.000000
distance_sensors, DistanceSensor, 35715, 1410.000000, 236.000000, 9999.000000, 9999.000000
distance_sensors, DistanceSensor, 35725, 1410.000000, 236.000000, 9999.000000, 9999.000000
distance_sensors, DistanceSensor, 35735, 1410.000000, 236.000000, 9999.000000, 9999.000000
distance_sensors, DistanceSensor, 35745, 1410.000000, 233.000000, 9999.000000, 9999.000000
distance_sensors, DistanceSensor, 35755, 9999.000000, 233.000000, 9999.000000, 9999.000000
distance_sensors, DistanceSensor, 35765, 9999.000000, 233.000000, 9999.000000, 9999.000000
distance_sensors, DistanceSensor, 35775, 9999.000000, 217.000000, 9999.000000, 9999.000000
distance_sensors, DistanceSensor, 35785, 309.000000, 217.000000, 9999.000000, 9999.000000
distance_sensors, DistanceSensor, 35795, 309.000000, 217.000000, 9999.000000, 9999.000000
distance_sensors, DistanceSensor, 35805, 309.000000, 217.000000, 9999.000000, 9999.000000
distance_sensors, DistanceSensor, 35815, 289.000000, 225.000000, 9999.000000, 9999.000000
distance_sensors, DistanceSensor, 35825, 289.000000, 225.000000, 9999.000000, 9999.000000
distance_sensors, DistanceSensor, 35835, 289.000000, 225.000000, 9999.000000, 9999.000000
distance_sensors, DistanceSensor, 35845, 289.000000, 9999.000000, 9999.000000, 9999.000000
distance_sensors, DistanceSensor, 35855, 295.000000, 9999.000000, 9999.000000, 9999.000000
distance_sensors, DistanceSensor, 35865, 295.000000, 9999.000000, 9999.000000, 9999.000000
distance_sensors, DistanceSensor, 35875, 295.000000, 9999.000000, 9999.000000, 9999.000000
distance_sensors, DistanceSensor, 35885, 295.000000, 9999.000000, 9999.000000, 9999.000000
distance_sensors, DistanceSensor, 35895, 9999.000000, 9999.000000, 9999.000000, 9999.000000
distance_sensors, DistanceSensor, 35905, 9999.000000, 9999.000000, 9999.000000, 9999.000000
distance_sensors, DistanceSensor, 35915, 9999.000000, 9999.000000, 9999.000000, 9999.000000
distance_sensors, DistanceSensor, 35925, 9999.000000, 9999.000000, 9999.000000, 9999.000000
distance_sensors, DistanceSensor, 35935, 9999.000000, 9999.000000, 9999.000000, 9999.000000
distance_sensors, DistanceSensor, 35945, 9999.000000, 9999.000000, 9999.000000, 9999.000000
distance_sensors, DistanceSensor, 35955, 9999.000000, 9999.000000, 9999.000000, 9999.000000
distance_sensors, DistanceSensor, 35965, 9999.000000, 9999.000000, 9999.000000, 9999.000000
distance_sensors, DistanceSensor, 35975, 9999.000000, 9999.000000, 9999.000000, 9999.000000
distance_sensors, DistanceSensor, 35985, 9999.000000, 9999.000000, 9999.000000, 9999.000000
distance_sensors, DistanceSensor, 35995, 9999.000000, 9999.000000, 9999.000000, 9999.000000
distance_sensors, DistanceSensor, 36005, 9999.000000, 9999.000000, 9999.000000, 9999.000000
distance_sensors, DistanceSensor, 36015, 9999.000000, 9999.000000, 9999.000000, 9999.000000
distance_sensors, DistanceSensor, 36025, 9999.000000, 9999.000000, 9999.000000, 9999.000000
distance_sensors, DistanceSensor, 36035, 9999.000000, 9999.000000, 9999.000000, 9999.000000
distance_sensors, DistanceSensor, 36045, 9999.000000, 9999.000000, 9999.000000, 9999.000000
distance_sensors, DistanceSensor, 36055, 9999.000000, 9999.000000, 9999.000000, 9999.000000
distance_sensors, DistanceSensor, 36065, 9999.000000, 9999.000000, 9999.000000, 9999.000000
distance_sensors, DistanceSensor, 36075, 9999.000000, 9999.000000, 9999.000000, 9999.000000
distance_sensors, DistanceSensor, 36085, 9999.000000, 9999.000000, 9999.000000, 9999.000000
distance_sensors, DistanceSensor, 36095, 9999.000000, 9999.000000, 9999.000000, 9999.000000
distance_sensors, DistanceSensor, 36105, 9999.000000, 9999.000000, 9999.000000, 9999.000000
distance_sensors, DistanceSensor, 36115, 9999.000000, 9999.000000, 9999.000000, 9999.000000
distance_sensors, DistanceSensor, 36125, 9999.000000, 9999.000000, 9999.000000, 9999.000000
distance_sensors, DistanceSensor, 36135, 9999.000000, 9999.000000, 9999.000000, 9999.000000
distance_sensors, DistanceSensor, 36145, 9999.000000, 9999.000000, 9999.000000, 9999.000000
distance_sensors, DistanceSensor, 36155, 9999.000000, 9999.000000, 9999.000000, 9999.000000
distance_sensors, DistanceSensor, 36165, 9999.000000, 9999.000000, 9999.000000, 9999.000000
distance_sensors, DistanceSensor, 36175, 9999.000000, 9999.000000, 9999.000000, 9999.000000
distance_sensors, DistanceSensor, 36185, 9999.000000, 9999.000000, 9999.000000, 9999.000000
distance_sensors, DistanceSensor, 36195, 9999.000000, 9999.000000, 9999.000000, 9999.000000
distance_sensors, DistanceSensor, 36205, 9999.000000, 9999.000000, 9999.000000, 9999.000000
distance_sensors, DistanceSensor, 36215, 9999.000000, 9999.000000, 9999.000000, 9999.000000
distance_sensors, DistanceSensor, 36225, 9999.000000, 9999.000000, 9999.000000, 9999.000000
distance_sensors, DistanceSensor, 36235, 9999.000000, 9999.000000, 9999.000000, 9999.000000
distance_sensors, DistanceSensor, 36245, 9999.000000, 9999.000000, 9999.000000, 9999.000000
distance_sensors, DistanceSensor, 36255, 9999.000000, 9999.000000, 9999.000000, 9999.000000
distance_sensors, DistanceSensor, 36265, 9999.000000, 9999.000000, 9999.000000, 9999.000000
distance_sensors, DistanceSensor, 36275, 9999.000000, 9999.000000, 9999.000000, 9999.000000
distance_sensors, DistanceSensor, 36285, 9999.000000, 9999.000000, 9999.000000, 9999.000000
distance_sensors, DistanceSensor, 36295, 9999.000000, 9999.000000, 9999.000000, 9999.000000
distance_sensors, DistanceSensor, 36305, 9999.000000, 271.000000, 9999.000000, 9999.000000
distance_sensors, DistanceSensor, 36315, 9999.000000, 271.000000, 9999.000000, 9999.000000
distance_sensors, DistanceSensor, 36325, 9999.000000, 271.000000, 9999.000000, 9999.000000
distance_sensors, DistanceSensor, 36335, 9999.000000, 271.000000, 9999.000000, 9999.000000
distance_sensors, DistanceSensor, 36345, 249.000000, 274.000000, 9999.000000, 9999.000000
distance_sensors, DistanceSensor, 36355, 249.000000, 274.000000, 9999.000000, 9999.000000
distance_sensors, DistanceSensor, 36365, 249.000000, 274.000000, 9999.000000, 9999.000000
distance_sensors, DistanceSensor, 36375, 249.000000, 9999.000000, 9999.000000, 9999.000000
distance_sensors, DistanceSensor, 36385, 244.000000, 9999.000000, 9999.000000, 9999.000000
distance_sensors, DistanceSensor, 36395, 244.000000, 9999.000000, 9999.000000, 9999.000000
distance_sensors, DistanceSensor, 36405, 244.000000, 9999.000000, 9999.000000, 2007.000000
distance_sensors, DistanceSensor, 36415, 244.000000, 9999.000000, 9999.000000, 2007.000000
distance_sensors, DistanceSensor, 36425, 254.000000, 9999.000000, 9999.000000, 2007.000000
distance_sensors, DistanceSensor, 36435, 254.000000, 9999.000000, 9999.000000, 1929.000000
distance_sensors, DistanceSensor, 36445, 254.000000, 9999.000000, 9999.000000, 1929.000000
distance_sensors, DistanceSensor, 36455, 9999.000000, 9999.000000, 9999.000000, 1929.000000
distance_sensors, DistanceSensor, 36465, 9999.000000, 9999.000000, 9999.000000, 1929.000000
distance_sensors, DistanceSensor, 36475, 9999.000000, 9999.000000, 9999.000000, 1912.000000
distance_sensors, DistanceSensor, 36485, 9999.000000, 1640.000000, 9999.000000, 1912.000000
distance_sensors, DistanceSensor, 36495, 9999.000000, 1640.000000, 9999.000000, 1912.000000
distance_sensors, DistanceSensor, 36505, 9999.000000, 1640.000000, 9999.000000, 1852.000000
distance_sensors, DistanceSensor, 36515, 9999.000000, 1640.000000, 9999.000000, 1852.000000
distance_sensors, DistanceSensor, 36525, 9999.000000, 9999.000000, 9999.000000, 1852.000000
distance_sensors, DistanceSensor, 36535, 9999.000000, 9999.000000, 9999.000000, 1852.000000
distance_sensors, DistanceSensor, 36545, 9999.000000, 9999.000000, 9999.000000, 1809.000000
distance_sensors, DistanceSensor, 36555, 9999.000000, 1594.000000, 9999.000000, 1809.000000
distance_sensors, DistanceSensor, 36565, 9999.000000, 1594.000000, 9999.000000, 1809.000000
distance_sensors, DistanceSensor, 36575, 9999.000000, 1594.000000, 9999.000000, 1735.000000
distance_sensors, DistanceSensor, 36585, 9999.000000, 1594.000000, 9999.000000, 1735.000000
distance_sensors, DistanceSensor, 36595, 9999.000000, 1559.000000, 9999.000000, 1735.000000
distance_sensors, DistanceSensor, 36605, 9999.000000, 1559.000000, 9999.000000, 1735.000000
distance_sensors, DistanceSensor, 36615, 9999.000000, 1559.000000, 9999.000000, 1710.000000
distance_sensors, DistanceSensor, 36625, 9999.000000, 9999.000000, 9999.000000, 1710.000000
distance_sensors, DistanceSensor, 36635, 9999.000000, 9999.000000, 9999.000000, 1710.000000
distance_sensors, DistanceSensor, 36645, 9999.000000, 9999.000000, 9999.000000, 1655.000000
distance_sensors, DistanceSensor, 36655, 9999.000000, 9999.000000, 9999.000000, 1655.000000
distance_sensors, DistanceSensor, 36665, 9999.000000, 1455.000000, 9999.000000, 1655.000000
distance_sensors, DistanceSensor, 36675, 9999.000000, 1455.000000, 9999.000000, 1655.000000
distance_sensors, DistanceSensor, 36685, 9999.000000, 1455.000000, 9999.000000, 1624.000000
distance_sensors, DistanceSensor, 36695, 9999.000000, 1444.000000, 9999.000000, 1624.000000
distance_sensors, DistanceSensor, 36705, 9999.000000, 1444.000000, 9999.000000, 1624.000000
distance_sensors, DistanceSensor, 36715, 9999.000000, 1444.000000, 9999.000000, 1551.000000
distance_sensors, DistanceSensor, 36725, 9999.000000, 1444.000000, 9999.000000, 1551.000000
distance_sensors, DistanceSensor, 36735, 9999.000000, 1395.000000, 9999.000000, 1551.000000
distance_sensors, DistanceSensor, 36745, 9999.000000, 1395.000000, 9999.000000, 1551.000000
distance_sensors, DistanceSensor, 36755, 9999.000000, 1395.000000, 9999.000000, 1509.000000
distance_sensors, DistanceSensor, 36765, 9999.000000, 1338.000000, 9999.000000, 1509.000000
distance_sensors, DistanceSensor, 36775, 9999.000000, 1338.000000, 9999.000000, 1509.000000
distance_sensors, DistanceSensor, 36785, 9999.000000, 1338.000000, 9999.000000, 1509.000000
distance_sensors, DistanceSensor, 36795, 9999.000000, 1338.000000, 9999.000000, 1462.000000
distance_sensors, DistanceSensor, 36805, 9999.000000, 1317.000000, 9999.000000, 1462.000000
distance_sensors, DistanceSensor, 36815, 9999.000000, 1317.000000, 9999.000000, 1462.000000
distance_sensors, DistanceSensor, 36825, 9999.000000, 1317.000000, 9999.000000, 1414.000000
distance_sensors, DistanceSensor, 36835, 9999.000000, 1272.000000, 9999.000000, 1414.000000
distance_sensors, DistanceSensor, 36845, 1309.000000, 1272.000000, 9999.000000, 1414.000000
distance_sensors, DistanceSensor, 36855, 1309.000000, 1272.000000, 9999.000000, 1414.000000
distance_sensors, DistanceSensor, 36865, 1309.000000, 1272.000000, 9999.000000, 1376.000000
distance_sensors, DistanceSensor, 36875, 1309.000000, 1225.000000, 9999.000000, 1376.000000
distance_sensors, DistanceSensor, 36885, 1224.000000, 1225.000000, 9999.000000, 1376.000000
distance_sensors, DistanceSensor, 36895, 1224.000000, 1225.000000, 9999.000000, 1342.000000
distance_sensors, DistanceSensor, 36905, 1224.000000, 1166.000000, 9999.000000, 1342.000000
distance_sensors, DistanceSensor, 36915, 1216.000000, 1166.000000, 9999.000000, 1342.000000
distance_sensors, DistanceSensor, 36925, 1216.000000, 1166.000000, 9999.000000, 1342.000000
distance_sensors, DistanceSensor, 36935, 1216.000000, 1166.000000, 9999.000000, 1299.000000
distance_sensors, DistanceSensor, 36945, 1216.000000, 1123.000000, 9999.000000, 1299.000000
distance_sensors, DistanceSensor, 36955, 9999.000000, 1123.000000, 9999.000000, 1299.000000
distance_sensors, DistanceSensor, 36965, 9999.000000, 1123.000000, 9999.000000, 1251.000000
distance_sensors, DistanceSensor, 36975, 9999.000000, 310.000000, 9999.000000, 1251.000000
distance_sensors, DistanceSensor, 36985, 1087.000000, 310.000000, 9999.000000, 1251.000000
distance_sensors, DistanceSensor, 36995, 1087.000000, 310.000000, 9999.000000, 1251.000000
distance_sensors, DistanceSensor, 37005, 1087.000000, 310.000000, 9999.000000, 1207.000000
distance_sensors, DistanceSensor, 37015, 1087.000000, 310.000000, 9999.000000, 1207.000000
distance_sensors, DistanceSensor, 37025, 1073.000000, 310.000000, 9999.000000, 1207.000000
distance_sensors, DistanceSensor, 37035, 1073.000000, 310.000000, 9999.000000, 1158.000000
distance_sensors, DistanceSensor, 37045, 1073.000000, 310.000000, 9999.000000, 1158.000000
distance_sensors, DistanceSensor, 37055, 1007.000000, 1003.000000, 9999.000000, 1158.000000
distance_sensors, DistanceSensor, 37065, 1007.000000, 1003.000000, 9999.000000, 1158.000000
distance_sensors, DistanceSensor, 37075, 1007.000000, 1003.000000, 9999.000000, 1115.000000
distance_sensors, DistanceSensor, 37085, 1007.000000, 962.000000, 9999.000000, 1115.000000
distance_sensors, DistanceSensor, 37095, 971.000000, 962.000000, 9999.000000, 1115.000000
distance_sensors, DistanceSensor, 37105, 971.000000, 962.000000, 9999.000000, 1077.000000
distance_sensors, DistanceSensor, 37115, 971.000000, 962.000000, 9999.000000, 1077.000000
distance_sensors, DistanceSensor, 37125, 945.000000, 929.000000, 9999.000000, 1077.000000
distance_sensors, DistanceSensor, 37135, 945.000000, 929.000000, 9999.000000, 1077.000000
distance_sensors, DistanceSensor, 37145, 945.000000, 929.000000, 9999.000000, 1033.000000
distance_sensors, DistanceSensor, 37155, 945.000000, 899.000000, 9999.000000, 1033.000000
distance_sensors, DistanceSensor, 37165, 888.000000, 899.000000, 9999.000000, 1033.000000
distance_sensors, DistanceSensor, 37175, 888.000000, 899.000000, 9999.000000, 995.000000
distance_sensors, DistanceSensor, 37185, 888.000000, 899.000000, 9999.000000, 995.000000
distance_sensors, DistanceSensor, 37195, 841.000000, 871.000000, 9999.000000, 995.000000
distance_sensors, DistanceSensor, 37205, 841.000000, 871.000000, 9999.000000, 995.000000
distance_sensors, DistanceSensor, 37215, 841.000000, 871.000000, 9999.000000, 920.000000
distance_sensors, DistanceSensor, 37225, 841.000000, 843.000000, 9999.000000, 920.000000
distance_sensors, DistanceSensor, 37235, 798.000000, 843.000000, 9999.000000, 920.000000
distance_sensors, DistanceSensor, 37245, 798.000000, 843.000000, 9999.000000, 873.000000
distance_sensors, DistanceSensor, 37255, 798.000000, 843.000000, 9999.000000, 873.000000
distance_sensors, DistanceSensor, 37265, 798.000000, 819.000000, 9999.000000, 873.000000
distance_sensors, DistanceSensor, 37275, 762.000000, 819.000000, 9999.000000, 873.000000
distance_sensors, DistanceSensor, 37285, 762.000000, 819.000000, 9999.000000, 845.000000
distance_sensors, DistanceSensor, 37295, 762.000000, 793.000000, 9999.000000, 845.000000
distance_sensors, DistanceSensor, 37305, 742.000000, 793.000000, 9999.000000, 845.000000
distance_sensors, DistanceSensor, 37315, 742.000000, 793.000000, 9999.000000, 845.000000
distance_sensors, DistanceSensor, 37325, 742.000000, 793.000000, 9999.000000, 819.000000
distance_sensors, DistanceSensor, 37335, 742.000000, 778.000000, 9999.000000, 819.000000
distance_sensors, DistanceSensor, 37345, 713.000000, 778.000000, 9999.000000, 819.000000
distance_sensors, DistanceSensor, 37355, 713.000000, 778.000000, 9999.000000, 804.000000
distance_sensors, DistanceSensor, 37365, 713.000000, 768.000000, 9999.000000, 804.000000
distance_sensors, DistanceSensor, 37375, 700.000000, 768.000000, 9999.000000, 804.000000
distance_sensors, DistanceSensor, 37385, 700.000000, 768.000000, 9999.000000, 804.000000
distance_sensors, DistanceSensor, 37395, 700.000000, 768.000000, 9999.000000, 789.000000
distance_sensors, DistanceSensor, 37405, 700.000000, 757.000000, 9999.000000, 789.000000
distance_sensors, DistanceSensor, 37415, 694.000000, 757.000000, 9999.000000, 789.000000
distance_sensors, DistanceSensor, 37425, 694.000000, 757.000000, 9999.000000, 774.000000
distance_sensors, DistanceSensor, 37435, 694.000000, 757.000000, 9999.000000, 774.000000
distance_sensors, DistanceSensor, 37445, 685.000000, 750.000000, 9999.000000, 774.000000
distance_sensors, DistanceSensor, 37455, 685.000000, 750.000000, 9999.000000, 774.000000
distance_sensors, DistanceSensor, 37465, 685.000000, 750.000000, 9999.000000, 764.000000
distance_sensors, DistanceSensor, 37475, 685.000000, 749.000000, 9999.000000, 764.000000
distance_sensors, DistanceSensor, 37485, 674.000000, 749.000000, 9999.000000, 764.000000
distance_sensors, DistanceSensor, 37495, 674.000000, 749.000000, 9999.000000, 752.000000
distance_sensors, DistanceSensor, 37505, 674.000000, 749.000000, 9999.000000, 752.000000
distance_sensors, DistanceSensor, 37515, 665.000000, 741.000000, 9999.000000, 752.000000
distance_sensors, DistanceSensor, 37525, 665.000000, 741.000000, 9999.000000, 752.000000
distance_sensors, DistanceSensor, 37535, 665.000000, 741.000000, 9999.000000, 751.000000
distance_sensors, DistanceSensor, 37545, 665.000000, 737.000000, 9999.000000, 751.000000
distance_sensors, DistanceSensor, 37555, 665.000000, 737.000000, 9999.000000, 751.000000
distance_sensors, DistanceSensor, 37565, 665.000000, 737.000000, 9999.000000, 753.000000
distance_sensors, DistanceSensor, 37575, 665.000000, 737.000000, 9999.000000, 753.000000
distance_sensors, DistanceSensor, 37585, 667.000000, 746.000000, 9999.000000, 753.000000
distance_sensors, DistanceSensor, 37595, 667.000000, 746.000000, 9999.000000, 753.000000
distance_sensors, DistanceSensor, 37605, 667.000000, 746.000000, 9999.000000, 748.000000
distance_sensors, DistanceSensor, 37615, 667.000000, 741.000000, 9999.000000, 748.000000
distance_sensors, DistanceSensor, 37625, 666.000000, 741.000000, 9999.000000, 748.000000
distance_sensors, DistanceSensor, 37635, 666.000000, 741.000000, 9999.000000, 749.000000
distance_sensors, DistanceSensor, 37645, 666.000000, 741.000000, 9999.000000, 749.000000
distance_sensors, DistanceSensor, 37655, 659.000000, 736.000000, 9999.000000, 749.000000
distance_sensors, DistanceSensor, 37665, 659.000000, 736.000000, 9999.000000, 749.000000
distance_sensors, DistanceSensor, 37675, 659.000000, 736.000000, 9999.000000, 747.000000
distance_sensors, DistanceSensor, 37685, 659.000000, 735.000000, 9999.000000, 747.000000
distance_sensors, DistanceSensor, 37695, 663.000000, 735.000000, 9999.000000, 747.000000
distance_sensors, DistanceSensor, 37705, 663.000000, 735.000000, 9999.000000, 749.000000
distance_sensors, DistanceSensor, 37715, 663.000000, 735.000000, 9999.000000, 749.000000
distance_sensors, DistanceSensor, 37725, 663.000000, 736.000000, 9999.000000, 749.000000
distance_sensors, DistanceSensor, 37735, 663.000000, 736.000000, 9999.000000, 749.000000
distance_sensors, DistanceSensor, 37745, 663.000000, 736.000000, 9999.000000, 746.000000
distance_sensors, DistanceSensor, 37755, 663.000000, 733.000000, 9999.000000, 746.000000
distance_sensors, DistanceSensor, 37765, 658.000000, 733.000000, 9999.000000, 746.000000
distance_sensors, DistanceSensor, 37775, 658.000000, 733.000000, 9999.000000, 748.000000
distance_sensors, DistanceSensor, 37785, 658.000000, 733.000000, 9999.000000, 748.000000
distance_sensors, DistanceSensor, 37795, 657.000000, 735.000000, 9999.000000, 748.000000
distance_sensors, DistanceSensor, 37805, 657.000000, 735.000000, 9999.000000, 748.000000
distance_sensors, DistanceSensor, 37815, 657.000000, 735.000000, 9999.000000, 747.000000
distance_sensors, DistanceSensor, 37825, 657.000000, 738.000000, 9999.000000, 747.000000
distance_sensors, DistanceSensor, 37835, 664.000000, 738.000000, 9999.000000, 747.000000
distance_sensors, DistanceSensor, 37845, 664.000000, 738.000000, 9999.000000, 747.000000
distance_sensors, DistanceSensor, 37855, 664.000000, 738.000000, 9999.000000, 748.000000
distance_sensors, DistanceSensor, 37865, 664.000000, 742.000000, 9999.000000, 748.000000
distance_sensors, DistanceSensor, 37875, 669.000000, 742.000000, 9999.000000, 748.000000
distance_sensors, DistanceSensor, 37885, 669.000000, 742.000000, 9999.000000, 754.000000
distance_sensors, DistanceSensor, 37895, 669.000000, 736.000000, 9999.000000, 754.000000
distance_sensors, DistanceSensor, 37905, 661.000000, 736.000000, 9999.000000, 754.000000
distance_sensors, DistanceSensor, 37915, 661.000000, 736.000000, 9999.000000, 754.000000
distance_sensors, DistanceSensor, 37925, 661.000000, 736.000000, 9999.000000, 739.000000
distance_sensors, DistanceSensor, 37935, 661.000000, 769.000000, 9999.000000, 739.000000
distance_sensors, DistanceSensor, 37945, 634.000000, 769.000000, 9999.000000, 739.000000
distance_sensors, DistanceSensor, 37955, 634.000000, 769.000000, 9999.000000, 710.000000
distance_sensors, DistanceSensor, 37965, 634.000000, 821.000000, 9999.000000, 710.000000
distance_sensors, DistanceSensor, 37975, 596.000000, 821.000000, 9999.000000, 710.000000
distance_sensors, DistanceSensor, 37985, 596.000000, 821.000000, 9999.000000, 710.000000
distance_sensors, DistanceSensor, 37995, 596.000000, 821.000000, 9999.000000, 678.000000
distance_sensors, DistanceSensor, 38005, 596.000000, 895.000000, 9999.000000, 678.000000
distance_sensors, DistanceSensor, 38015, 573.000000, 895.000000, 9999.000000, 678.000000
distance_sensors, DistanceSensor, 38025, 573.000000, 895.000000, 9999.000000, 646.000000
distance_sensors, DistanceSensor, 38035, 573.000000, 895.000000, 9999.000000, 646.000000
distance_sensors, DistanceSensor, 38045, 542.000000, 9999.000000, 9999.000000, 646.000000
distance_sensors, DistanceSensor, 38055, 542.000000, 9999.000000, 9999.000000, 646.000000
distance_sensors, DistanceSensor, 38065, 542.000000, 9999.000000, 9999.000000, 626.000000
distance_sensors, DistanceSensor, 38075, 542.000000, 9999.000000, 9999.000000, 626.000000
distance_sensors, DistanceSensor, 38085, 523.000000, 9999.000000, 9999.000000, 626.000000
distance_sensors, DistanceSensor, 38095, 523.000000, 9999.000000, 9999.000000, 610.000000
distance_sensors, DistanceSensor, 38105, 523.000000, 9999.000000, 9999.000000, 610.000000
distance_sensors, DistanceSensor, 38115, 511.000000, 9999.000000, 9999.000000, 610.000000
distance_sensors, DistanceSensor, 38125, 511.000000, 9999.000000, 9999.000000, 610.000000
distance_sensors, DistanceSensor, 38135, 511.000000, 9999.000000, 9999.000000, 602.000000
distance_sensors, DistanceSensor, 38145, 511.000000, 9999.000000, 9999.000000, 602.000000
distance_sensors, DistanceSensor, 38155, 507.000000, 9999.000000, 9999.000000, 602.000000
distance_sensors, DistanceSensor, 38165, 507.000000, 9999.000000, 9999.000000, 603.000000
distance_sensors, DistanceSensor, 38175, 507.000000, 9999.000000, 9999.000000, 603.000000
distance_sensors, DistanceSensor, 38185, 504.000000, 9999.000000, 9999.000000, 603.000000
distance_sensors, DistanceSensor, 38195, 504.000000, 9999.000000, 9999.000000, 603.000000
distance_sensors, DistanceSensor, 38205, 504.000000, 9999.000000, 9999.000000, 600.000000
distance_sensors, DistanceSensor, 38215, 504.000000, 372.000000, 9999.000000, 600.000000
distance_sensors, DistanceSensor, 38225, 503.000000, 372.000000, 9999.000000, 600.000000
distance_sensors, DistanceSensor, 38235, 503.000000, 372.000000, 9999.000000, 603.000000
distance_sensors, DistanceSensor, 38245, 503.000000, 372.000000, 9999.000000, 603.000000
distance_sensors, DistanceSensor, 38255, 504.000000, 363.000000, 9999.000000, 603.000000
distance_sensors, DistanceSensor, 38265, 504.000000, 363.000000, 9999.000000, 603.000000
distance_sensors, DistanceSensor, 38275, 504.000000, 363.000000, 9999.000000, 604.000000
distance_sensors, DistanceSensor, 38285, 504.000000, 357.000000, 9999.000000, 604.000000
distance_sensors, DistanceSensor, 38295, 504.000000, 357.000000, 9999.000000, 604.000000
distance_sensors, DistanceSensor, 38305, 504.000000, 357.000000, 9999.000000, 604.000000
distance_sensors, DistanceSensor, 38315, 504.000000, 357.000000, 9999.000000, 605.000000
distance_sensors, DistanceSensor, 38325, 506.000000, 356.000000, 9999.000000, 605.000000
distance_sensors, DistanceSensor, 38335, 506.000000, 356.000000, 9999.000000, 605.000000
distance_sensors, DistanceSensor, 38345, 506.000000, 356.000000, 9999.000000, 603.000000
distance_sensors, DistanceSensor, 38355, 506.000000, 356.000000, 9999.000000, 603.000000
distance_sensors, DistanceSensor, 38365, 505.000000, 356.000000, 9999.000000, 603.000000
distance_sensors, DistanceSensor, 38375, 505.000000, 356.000000, 9999.000000, 603.000000
distance_sensors, DistanceSensor, 38385, 505.000000, 356.000000, 9999.000000, 604.000000
distance_sensors, DistanceSensor, 38395, 505.000000, 355.000000, 9999.000000, 604.000000
distance_sensors, DistanceSensor, 38405, 501.000000, 355.000000, 9999.000000, 604.000000
distance_sensors, DistanceSensor, 38415, 501.000000, 355.000000, 9999.000000, 597.000000
distance_sensors, DistanceSensor, 38425, 501.000000, 363.000000, 9999.000000, 597.000000
distance_sensors, DistanceSensor, 38435, 503.000000, 363.000000, 9999.000000, 597.000000
distance_sensors, DistanceSensor, 38445, 503.000000, 363.000000, 9999.000000, 597.000000
distance_sensors, DistanceSensor, 38455, 503.000000, 363.000000, 9999.000000, 586.000000
distance_sensors, DistanceSensor, 38465, 503.000000, 370.000000, 9999.000000, 586.000000
distance_sensors, DistanceSensor, 38475, 501.000000, 370.000000, 9999.000000, 586.000000
distance_sensors, DistanceSensor, 38485, 501.000000, 370.000000, 9999.000000, 570.000000
distance_sensors, DistanceSensor, 38495, 501.000000, 9999.000000, 9999.000000, 570.000000
distance_sensors, DistanceSensor, 38505, 498.000000, 9999.000000, 9999.000000, 570.000000
distance_sensors, DistanceSensor, 38515, 498.000000, 9999.000000, 9999.000000, 570.000000
distance_sensors, DistanceSensor, 38525, 498.000000, 9999.000000, 9999.000000, 550.000000
distance_sensors, DistanceSensor, 38535, 498.000000, 9999.000000, 9999.000000, 550.000000
distance_sensors, DistanceSensor, 38545, 492.000000, 9999.000000, 9999.000000, 550.000000
distance_sensors, DistanceSensor, 38555, 492.000000, 9999.000000, 9999.000000, 525.000000
distance_sensors, DistanceSensor, 38565, 492.000000, 9999.000000, 9999.000000, 525.000000
distance_sensors, DistanceSensor, 38575, 486.000000, 9999.000000, 9999.000000, 525.000000
distance_sensors, DistanceSensor, 38585, 486.000000, 9999.000000, 9999.000000, 525.000000
distance_sensors, DistanceSensor, 38595, 486.000000, 9999.000000, 9999.000000, 495.000000
distance_sensors, DistanceSensor, 38605, 486.000000, 9999.000000, 9999.000000, 495.000000
distance_sensors, DistanceSensor, 38615, 480.000000, 9999.000000, 9999.000000, 495.000000
distance_sensors, DistanceSensor, 38625, 480.000000, 9999.000000, 9999.000000, 464.000000
distance_sensors, DistanceSensor, 38635, 480.000000, 9999.000000, 9999.000000, 464.000000
distance_sensors, DistanceSensor, 38645, 474.000000, 9999.000000, 9999.000000, 464.000000
distance_sensors, DistanceSensor, 38655, 474.000000, 9999.000000, 9999.000000, 464.000000
distance_sensors, DistanceSensor, 38665, 474.000000, 9999.000000, 9999.000000, 432.000000
distance_sensors, DistanceSensor, 38675, 474.000000, 1149.000000, 9999.000000, 432.000000
distance_sensors, DistanceSensor, 38685, 469.000000, 1149.000000, 9999.000000, 432.000000
distance_sensors, DistanceSensor, 38695, 469.000000, 1149.000000, 9999.000000, 395.000000
distance_sensors, DistanceSensor, 38705, 469.000000, 1149.000000, 9999.000000, 395.000000
distance_sensors, DistanceSensor, 38715, 458.000000, 1146.000000, 9999.000000, 395.000000
distance_sensors, DistanceSensor, 38725, 458.000000, 1146.000000, 9999.000000, 395.000000
distance_sensors, DistanceSensor, 38735, 458.000000, 1146.000000, 9999.000000, 359.000000
distance_sensors, DistanceSensor, 38745, 458.000000, 1146.000000, 9999.000000, 359.000000
distance_sensors, DistanceSensor, 38755, 448.000000, 1146.000000, 9999.000000, 359.000000
distance_sensors, DistanceSensor, 38765, 448.000000, 1146.000000, 9999.000000, 324.000000
distance_sensors, DistanceSensor, 38775, 448.000000, 1146.000000, 9999.000000, 324.000000
distance_sensors, DistanceSensor, 38785, 438.000000, 9999.000000, 9999.000000, 324.000000
distance_sensors, DistanceSensor, 38795, 438.000000, 9999.000000, 9999.000000, 324.000000
distance_sensors, DistanceSensor, 38805, 438.000000, 9999.000000, 9999.000000, 287.000000
distance_sensors, DistanceSensor, 38815, 438.000000, 622.000000, 9999.000000, 287.000000
distance_sensors, DistanceSensor, 38825, 426.000000, 622.000000, 9999.000000, 287.000000
distance_sensors, DistanceSensor, 38835, 426.000000, 622.000000, 9999.000000, 251.000000
distance_sensors, DistanceSensor, 38845, 426.000000, 622.000000, 9999.000000, 251.000000
distance_sensors, DistanceSensor, 38855, 415.000000, 560.000000, 9999.000000, 251.000000
distance_sensors, DistanceSensor, 38865, 415.000000, 560.000000, 9999.000000, 251.000000
distance_sensors, DistanceSensor, 38875, 415.000000, 560.000000, 9999.000000, 221.000000
distance_sensors, DistanceSensor, 38885, 415.000000, 506.000000, 9999.000000, 221.000000
distance_sensors, DistanceSensor, 38895, 403.000000, 506.000000, 9999.000000, 221.000000
distance_sensors, DistanceSensor, 38905, 403.000000, 506.000000, 9999.000000, 205.000000
distance_sensors, DistanceSensor, 38915, 403.000000, 506.000000, 9999.000000, 205.000000
distance_sensors, DistanceSensor, 38925, 398.000000, 441.000000, 9999.000000, 205.000000
distance_sensors, DistanceSensor, 38935, 398.000000, 441.000000, 9999.000000, 205.000000
distance_sensors, DistanceSensor, 38945, 398.000000, 441.000000, 9999.000000, 187.000000
distance_sensors, DistanceSensor, 38955, 398.000000, 387.000000, 9999.000000, 187.000000
distance_sensors, DistanceSensor, 38965, 394.000000, 387.000000, 9999.000000, 187.000000
distance_sensors, DistanceSensor, 38975, 394.000000, 387.000000, 9999.000000, 171.000000
distance_sensors, DistanceSensor, 38985, 394.000000, 387.000000, 9999.000000, 171.000000
distance_sensors, DistanceSensor, 38995, 394.000000, 338.000000, 9999.000000, 171.000000
distance_sensors, DistanceSensor, 39005, 387.000000, 338.000000, 9999.000000, 171.000000
distance_sensors, DistanceSensor, 39015, 387.000000, 338.000000, 9999.000000, 154.000000
distance_sensors, DistanceSensor, 39025, 387.000000, 298.000000, 9999.000000, 154.000000
distance_sensors, DistanceSensor, 39035, 382.000000, 298.000000, 9999.000000, 154.000000
distance_sensors, DistanceSensor, 39045, 382.000000, 298.000000, 9999.000000, 154.000000
distance_sensors, DistanceSensor, 39055, 382.000000, 298.000000, 9999.000000, 142.000000
distance_sensors, DistanceSensor, 39065, 382.000000, 288.000000, 9999.000000, 142.000000
distance_sensors, DistanceSensor, 39075, 376.000000, 288.000000, 9999.000000, 142.000000
distance_sensors, DistanceSensor, 39085, 376.000000, 288.000000, 9999.000000, 138.000000
distance_sensors, DistanceSensor, 39095, 376.000000, 301.000000, 9999.000000, 138.000000
distance_sensors, DistanceSensor, 39105, 372.000000, 301.000000, 9999.000000, 138.000000
distance_sensors, DistanceSensor, 39115, 372.000000, 301.000000, 9999.000000, 138.000000
distance_sensors, DistanceSensor, 39125, 372.000000, 301.000000, 9999.000000, 139.000000
distance_sensors, DistanceSensor, 39135, 372.000000, 307.000000, 9999.000000, 139.000000
distance_sensors, DistanceSensor, 39145, 374.000000, 307.000000, 9999.000000, 139.000000
distance_sensors, DistanceSensor, 39155, 374.000000, 307.000000, 9999.000000, 141.000000
distance_sensors, DistanceSensor, 39165, 374.000000, 306.000000, 9999.000000, 141.000000
distance_sensors, DistanceSensor, 39175, 376.000000, 306.000000, 9999.000000, 141.000000
distance_sensors, DistanceSensor, 39185, 376.000000, 306.000000, 9999.000000, 141.000000
distance_sensors, DistanceSensor, 39195, 376.000000, 306.000000, 9999.000000, 141.000000
distance_sensors, DistanceSensor, 39205, 376.000000, 312.000000, 9999.000000, 141.000000
distance_sensors, DistanceSensor, 39215, 372.000000, 312.000000, 9999.000000, 141.000000
distance_sensors, DistanceSensor, 39225, 372.000000, 312.000000, 9999.000000, 141.000000
distance_sensors, DistanceSensor, 39235, 372.000000, 305.000000, 9999.000000, 141.000000
distance_sensors, DistanceSensor, 39245, 375.000000, 305.000000, 9999.000000, 141.000000
distance_sensors, DistanceSensor, 39255, 375.000000, 305.000000, 9999.000000, 141.000000
distance_sensors, DistanceSensor, 39265, 375.000000, 305.000000, 9999.000000, 141.000000
distance_sensors, DistanceSensor, 39275, 375.000000, 306.000000, 9999.000000, 141.000000
distance_sensors, DistanceSensor, 39285, 375.000000, 306.000000, 9999.000000, 141.000000
distance_sensors, DistanceSensor, 39295, 375.000000, 306.000000, 9999.000000, 141.000000
distance_sensors, DistanceSensor, 39305, 375.000000, 306.000000, 9999.000000, 141.000000
distance_sensors, DistanceSensor, 39315, 375.000000, 313.000000, 9999.000000, 141.000000
distance_sensors, DistanceSensor, 39325, 375.000000, 313.000000, 9999.000000, 141.000000
distance_sensors, DistanceSensor, 39335, 375.000000, 313.000000, 9999.000000, 141.000000
distance_sensors, DistanceSensor, 39345, 375.000000, 305.000000, 9999.000000, 141.000000
distance_sensors, DistanceSensor, 39355, 377.000000, 305.000000, 9999.000000, 141.000000
distance_sensors, DistanceSensor, 39365, 377.000000, 305.000000, 9999.000000, 141.000000
distance_sensors, DistanceSensor, 39375, 377.000000, 305.000000, 9999.000000, 141.000000
distance_sensors, DistanceSensor, 39385, 373.000000, 305.000000, 9999.000000, 141.000000
distance_sensors, DistanceSensor, 39395, 373.000000, 305.000000, 9999.000000, 141.000000
distance_sensors, DistanceSensor, 39405, 373.000000, 305.000000, 9999.000000, 141.000000
distance_sensors, DistanceSensor, 39415, 373.000000, 307.000000, 9999.000000, 141.000000
distance_sensors, DistanceSensor, 39425, 378.000000, 307.000000, 9999.000000, 141.000000
distance_sensors, DistanceSensor, 39435, 378.000000, 307.000000, 9999.000000, 141.000000
distance_sensors, DistanceSensor, 39445, 378.000000, 307.000000, 9999.000000, 141.000000
distance_sensors, DistanceSensor, 39455, 374.000000, 308.000000, 9999.000000, 141.000000
distance_sensors, DistanceSensor, 39465, 374.000000, 308.000000, 9999.000000, 141.000000
distance_sensors, DistanceSensor, 39475, 374.000000, 308.000000, 9999.000000, 142.000000
distance_sensors, DistanceSensor, 39485, 374.000000, 307.000000, 9999.000000, 142.000000
distance_sensors, DistanceSensor, 39495, 374.000000, 307.000000, 9999.000000, 142.000000
distance_sensors, DistanceSensor, 39505, 374.000000, 307.000000, 9999.000000, 142.000000
distance_sensors, DistanceSensor, 39515, 374.000000, 307.000000, 9999.000000, 142.000000
distance_sensors, DistanceSensor, 39525, 374.000000, 306.000000, 9999.000000, 142.000000
distance_sensors, DistanceSensor, 39535, 377.000000, 306.000000, 9999.000000, 142.000000
distance_sensors, DistanceSensor, 39545, 377.000000, 306.000000, 9999.000000, 142.000000
distance_sensors, DistanceSensor, 39555, 377.000000, 308.000000, 9999.000000, 142.000000
distance_sensors, DistanceSensor, 39565, 379.000000, 308.000000, 9999.000000, 142.000000
distance_sensors, DistanceSensor, 39575, 379.000000, 308.000000, 9999.000000, 142.000000
distance_sensors, DistanceSensor, 39585, 379.000000, 308.000000, 9999.000000, 142.000000
distance_sensors, DistanceSensor, 39595, 379.000000, 305.000000, 9999.000000, 142.000000
distance_sensors, DistanceSensor, 39605, 376.000000, 305.000000, 9999.000000, 142.000000
distance_sensors, DistanceSensor, 39615, 376.000000, 305.000000, 9999.000000, 141.000000
distance_sensors, DistanceSensor, 39625, 376.000000, 305.000000, 9999.000000, 141.000000
distance_sensors, DistanceSensor, 39635, 372.000000, 305.000000, 9999.000000, 141.000000
distance_sensors, DistanceSensor, 39645, 372.000000, 305.000000, 9999.000000, 141.000000
distance_sensors, DistanceSensor, 39655, 372.000000, 305.000000, 9999.000000, 142.000000
distance_sensors, DistanceSensor, 39665, 372.000000, 298.000000, 9999.000000, 142.000000
distance_sensors, DistanceSensor, 39675, 373.000000, 298.000000, 9999.000000, 142.000000
distance_sensors, DistanceSensor, 39685, 373.000000, 298.000000, 9999.000000, 141.000000
distance_sensors, DistanceSensor, 39695, 373.000000, 275.000000, 9999.000000, 141.000000
distance_sensors, DistanceSensor, 39705, 381.000000, 275.000000, 9999.000000, 141.000000
distance_sensors, DistanceSensor, 39715, 381.000000, 275.000000, 9999.000000, 141.000000
distance_sensors, DistanceSensor, 39725, 381.000000, 275.000000, 9999.000000, 144.000000
distance_sensors, DistanceSensor, 39735, 381.000000, 226.000000, 9999.000000, 144.000000
distance_sensors, DistanceSensor, 39745, 392.000000, 226.000000, 9999.000000, 144.000000
distance_sensors, DistanceSensor, 39755, 392.000000, 226.000000, 9999.000000, 147.000000
distance_sensors, DistanceSensor, 39765, 392.000000, 226.000000, 9999.000000, 147.000000
distance_sensors, DistanceSensor, 39775, 418.000000, 207.000000, 9999.000000, 147.000000
distance_sensors, DistanceSensor, 39785, 418.000000, 207.000000, 9999.000000, 147.000000
distance_sensors, DistanceSensor, 39795, 418.000000, 207.000000, 9999.000000, 157.000000
distance_sensors, DistanceSensor, 39805, 418.000000, 174.000000, 9999.000000, 157.000000
distance_sensors, DistanceSensor, 39815, 454.000000, 174.000000, 9999.000000, 157.000000
distance_sensors, DistanceSensor, 39825, 454.000000, 174.000000, 9999.000000, 174.000000
distance_sensors, DistanceSensor, 39835, 454.000000, 174.000000, 9999.000000, 174.000000
distance_sensors, DistanceSensor, 39845, 529.000000, 146.000000, 705.000000, 174.000000
distance_sensors, DistanceSensor, 39855, 529.000000, 146.000000, 705.000000, 174.000000
distance_sensors, DistanceSensor, 39865, 529.000000, 146.000000, 705.000000, 205.000000
distance_sensors, DistanceSensor, 39875, 529.000000, 127.000000, 705.000000, 205.000000
distance_sensors, DistanceSensor, 39885, 640.000000, 127.000000, 9999.000000, 205.000000
distance_sensors, DistanceSensor, 39895, 640.000000, 127.000000, 9999.000000, 273.000000
distance_sensors, DistanceSensor, 39905, 640.000000, 127.000000, 9999.000000, 273.000000
distance_sensors, DistanceSensor, 39915, 9999.000000, 117.000000, 9999.000000, 273.000000
distance_sensors, DistanceSensor, 39925, 9999.000000, 117.000000, 9999.000000, 273.000000
distance_sensors, DistanceSensor, 39935, 9999.000000, 117.000000, 9999.000000, 481.000000
distance_sensors, DistanceSensor, 39945, 9999.000000, 118.000000, 9999.000000, 481.000000
distance_sensors, DistanceSensor, 39955, 9999.000000, 118.000000, 9999.000000, 481.000000
distance_sensors, DistanceSensor, 39965, 9999.000000, 118.000000, 9999.000000, 481.000000
distance_sensors, DistanceSensor, 39975, 9999.000000, 118.000000, 9999.000000, 449.000000
distance_sensors, DistanceSensor, 39985, 9999.000000, 130.000000, 9999.000000, 449.000000
distance_sensors, DistanceSensor, 39995, 9999.000000, 130.000000, 9999.000000, 449.000000
distance_sensors, DistanceSensor, 40005, 9999.000000, 130.000000, 9999.000000, 428.000000
distance_sensors, DistanceSensor, 40015, 9999.000000, 154.000000, 9999.000000, 428.000000
distance_sensors, DistanceSensor, 40025, 9999.000000, 154.000000, 462.000000, 428.000000
distance_sensors, DistanceSensor, 40035, 9999.000000, 154.000000, 462.000000, 428.000000
distance_sensors, DistanceSensor, 40045, 9999.000000, 154.000000, 462.000000, 432.000000
distance_sensors, DistanceSensor, 40055, 9999.000000, 196.000000, 354.000000, 432.000000
distance_sensors, DistanceSensor, 40065, 9999.000000, 196.000000, 354.000000, 432.000000
distance_sensors, DistanceSensor, 40075, 9999.000000, 196.000000, 354.000000, 468.000000
distance_sensors, DistanceSensor, 40085, 9999.000000, 280.000000, 354.000000, 468.000000
distance_sensors, DistanceSensor, 40095, 9999.000000, 280.000000, 313.000000, 468.000000
distance_sensors, DistanceSensor, 40105, 9999.000000, 280.000000, 313.000000, 468.000000
distance_sensors, DistanceSensor, 40115, 9999.000000, 280.000000, 313.000000, 537.000000
distance_sensors, DistanceSensor, 40125, 9999.000000, 400.000000, 303.000000, 537.000000
distance_sensors, DistanceSensor, 40135, 9999.000000, 400.000000, 303.000000, 537.000000
distance_sensors, DistanceSensor, 40145, 9999.000000, 400.000000, 303.000000, 644.000000
distance_sensors, DistanceSensor, 40155, 9999.000000, 400.000000, 303.000000, 644.000000
distance_sensors, DistanceSensor, 40165, 9999.000000, 413.000000, 299.000000, 644.000000
distance_sensors, DistanceSensor, 40175, 9999.000000, 413.000000, 299.000000, 644.000000
distance_sensors, DistanceSensor, 40185, 9999.000000, 413.000000, 299.000000, 720.000000
distance_sensors, DistanceSensor, 40195, 9999.000000, 401.000000, 316.000000, 720.000000
distance_sensors, DistanceSensor, 40205, 9999.000000, 401.000000, 316.000000, 720.000000
distance_sensors, DistanceSensor, 40215, 9999.000000, 401.000000, 316.000000, 774.000000
distance_sensors, DistanceSensor, 40225, 9999.000000, 401.000000, 316.000000, 774.000000
distance_sensors, DistanceSensor, 40235, 9999.000000, 392.000000, 327.000000, 774.000000
distance_sensors, DistanceSensor, 40245, 9999.000000, 392.000000, 327.000000, 774.000000
distance_sensors, DistanceSensor, 40255, 9999.000000, 392.000000, 327.000000, 807.000000
distance_sensors, DistanceSensor, 40265, 9999.000000, 380.000000, 327.000000, 807.000000
distance_sensors, DistanceSensor, 40275, 9999.000000, 380.000000, 341.000000, 807.000000
distance_sensors, DistanceSensor, 40285, 9999.000000, 380.000000, 341.000000, 904.000000
distance_sensors, DistanceSensor, 40295, 9999.000000, 380.000000, 341.000000, 904.000000
distance_sensors, DistanceSensor, 40305, 9999.000000, 366.000000, 363.000000, 904.000000
distance_sensors, DistanceSensor, 40315, 9999.000000, 366.000000, 363.000000, 904.000000
distance_sensors, DistanceSensor, 40325, 9999.000000, 366.000000, 363.000000, 877.000000
distance_sensors, DistanceSensor, 40335, 9999.000000, 354.000000, 363.000000, 877.000000
distance_sensors, DistanceSensor, 40345, 9999.000000, 354.000000, 389.000000, 877.000000
distance_sensors, DistanceSensor, 40355, 9999.000000, 354.000000, 389.000000, 877.000000
distance_sensors, DistanceSensor, 40365, 9999.000000, 354.000000, 389.000000, 876.000000
distance_sensors, DistanceSensor, 40375, 9999.000000, 337.000000, 414.000000, 876.000000
distance_sensors, DistanceSensor, 40385, 9999.000000, 337.000000, 414.000000, 876.000000
distance_sensors, DistanceSensor, 40395, 9999.000000, 337.000000, 414.000000, 835.000000
distance_sensors, DistanceSensor, 40405, 9999.00000